hour,DE
0,0.91
1,0.91
2,0.91
3,0.91
4,0.91
5,0.91
6,0.91
7,0.91
8,0.91
9,0.91
10,0.91
11,0.91
12,0.91
13,0.91
14,0.91
15,0.91
16,0.91
17,0.91
18,0.91
19,0.91
20,0.91
21,0.91
22,0.91
23,0.91
24,0.91
25,0.91
26,0.91
27,0.91
28,0.91
29,0.91
30,0.91
31,0.91
32,0.91
33,0.91
34,0.91
35,0.91
36,0.91
37,0.91
38,0.91
39,0.91
40,0.91
41,0.91
42,0.91
43,0.91
44,0.91
45,0.91
46,0.91
47,0.91
48,0.91
49,0.91
50,0.91
51,0.91
52,0.91
53,0.91
54,0.91
55,0.91
56,0.91
57,0.91
58,0.91
59,0.91
60,0.91
61,0.91
62,0.91
63,0.91
64,0.91
65,0.91
66,0.91
67,0.91
68,0.91
69,0.91
70,0.91
71,0.91
72,0.91
73,0.91
74,0.91
75,0.91
76,0.91
77,0.91
78,0.91
79,0.91
80,0.91
81,0.91
82,0.91
83,0.91
84,0.91
85,0.91
86,0.91
87,0.91
88,0.91
89,0.91
90,0.91
91,0.91
92,0.91
93,0.91
94,0.91
95,0.91
96,0.91
97,0.91
98,0.91
99,0.91
100,0.91
101,0.91
102,0.91
103,0.91
104,0.91
105,0.91
106,0.91
107,0.91
108,0.91
109,0.91
110,0.91
111,0.91
112,0.91
113,0.91
114,0.91
115,0.91
116,0.91
117,0.91
118,0.91
119,0.91
120,0.91
121,0.91
122,0.91
123,0.91
124,0.91
125,0.91
126,0.91
127,0.91
128,0.91
129,0.91
130,0.91
131,0.91
132,0.91
133,0.91
134,0.91
135,0.91
136,0.91
137,0.91
138,0.91
139,0.91
140,0.91
141,0.91
142,0.91
143,0.91
144,0.91
145,0.91
146,0.91
147,0.91
148,0.91
149,0.91
150,0.91
151,0.91
152,0.91
153,0.91
154,0.91
155,0.91
156,0.91
157,0.91
158,0.91
159,0.91
160,0.91
161,0.91
162,0.91
163,0.91
164,0.91
165,0.91
166,0.91
167,0.91
168,0.91
169,0.91
170,0.91
171,0.91
172,0.91
173,0.91
174,0.91
175,0.91
176,0.91
177,0.91
178,0.91
179,0.91
180,0.91
181,0.91
182,0.91
183,0.91
184,0.91
185,0.91
186,0.91
187,0.91
188,0.91
189,0.91
190,0.91
191,0.91
192,0.91
193,0.91
194,0.91
195,0.91
196,0.91
197,0.91
198,0.91
199,0.91
200,0.91
201,0.91
202,0.91
203,0.91
204,0.91
205,0.91
206,0.91
207,0.91
208,0.91
209,0.91
210,0.91
211,0.91
212,0.91
213,0.91
214,0.91
215,0.91
216,0.91
217,0.91
218,0.91
219,0.91
220,0.91
221,0.91
222,0.91
223,0.91
224,0.91
225,0.91
226,0.91
227,0.91
228,0.91
229,0.91
230,0.91
231,0.91
232,0.91
233,0.91
234,0.91
235,0.91
236,0.91
237,0.91
238,0.91
239,0.91
240,0.91
241,0.91
242,0.91
243,0.91
244,0.91
245,0.91
246,0.91
247,0.91
248,0.91
249,0.91
250,0.91
251,0.91
252,0.91
253,0.91
254,0.91
255,0.91
256,0.91
257,0.91
258,0.91
259,0.91
260,0.91
261,0.91
262,0.91
263,0.91
264,0.91
265,0.91
266,0.91
267,0.91
268,0.91
269,0.91
270,0.91
271,0.91
272,0.91
273,0.91
274,0.91
275,0.91
276,0.91
277,0.91
278,0.91
279,0.91
280,0.91
281,0.91
282,0.91
283,0.91
284,0.91
285,0.91
286,0.91
287,0.91
288,0.91
289,0.91
290,0.91
291,0.91
292,0.91
293,0.91
294,0.91
295,0.91
296,0.91
297,0.91
298,0.91
299,0.91
300,0.91
301,0.91
302,0.91
303,0.91
304,0.91
305,0.91
306,0.91
307,0.91
308,0.91
309,0.91
310,0.91
311,0.91
312,0.91
313,0.91
314,0.91
315,0.91
316,0.91
317,0.91
318,0.91
319,0.91
320,0.91
321,0.91
322,0.91
323,0.91
324,0.91
325,0.91
326,0.91
327,0.91
328,0.91
329,0.91
330,0.91
331,0.91
332,0.91
333,0.91
334,0.91
335,0.91
336,0.91
337,0.91
338,0.91
339,0.91
340,0.91
341,0.91
342,0.91
343,0.91
344,0.91
345,0.91
346,0.91
347,0.91
348,0.91
349,0.91
350,0.91
351,0.91
352,0.91
353,0.91
354,0.91
355,0.91
356,0.91
357,0.91
358,0.91
359,0.91
360,0.91
361,0.91
362,0.91
363,0.91
364,0.91
365,0.91
366,0.91
367,0.91
368,0.91
369,0.91
370,0.91
371,0.91
372,0.91
373,0.91
374,0.91
375,0.91
376,0.91
377,0.91
378,0.91
379,0.91
380,0.91
381,0.91
382,0.91
383,0.91
384,0.91
385,0.91
386,0.91
387,0.91
388,0.91
389,0.91
390,0.91
391,0.91
392,0.91
393,0.91
394,0.91
395,0.91
396,0.91
397,0.91
398,0.91
399,0.91
400,0.91
401,0.91
402,0.91
403,0.91
404,0.91
405,0.91
406,0.91
407,0.91
408,0.91
409,0.91
410,0.91
411,0.91
412,0.91
413,0.91
414,0.91
415,0.91
416,0.91
417,0.91
418,0.91
419,0.91
420,0.91
421,0.91
422,0.91
423,0.91
424,0.91
425,0.91
426,0.91
427,0.91
428,0.91
429,0.91
430,0.91
431,0.91
432,0.91
433,0.91
434,0.91
435,0.91
436,0.91
437,0.91
438,0.91
439,0.91
440,0.91
441,0.91
442,0.91
443,0.91
444,0.91
445,0.91
446,0.91
447,0.91
448,0.91
449,0.91
450,0.91
451,0.91
452,0.91
453,0.91
454,0.91
455,0.91
456,0.91
457,0.91
458,0.91
459,0.91
460,0.91
461,0.91
462,0.91
463,0.91
464,0.91
465,0.91
466,0.91
467,0.91
468,0.91
469,0.91
470,0.91
471,0.91
472,0.91
473,0.91
474,0.91
475,0.91
476,0.91
477,0.91
478,0.91
479,0.91
480,0.91
481,0.91
482,0.91
483,0.91
484,0.91
485,0.91
486,0.91
487,0.91
488,0.91
489,0.91
490,0.91
491,0.91
492,0.91
493,0.91
494,0.91
495,0.91
496,0.91
497,0.91
498,0.91
499,0.91
500,0.91
501,0.91
502,0.91
503,0.91
504,0.91
505,0.91
506,0.91
507,0.91
508,0.91
509,0.91
510,0.91
511,0.91
512,0.91
513,0.91
514,0.91
515,0.91
516,0.91
517,0.91
518,0.91
519,0.91
520,0.91
521,0.91
522,0.91
523,0.91
524,0.91
525,0.91
526,0.91
527,0.91
528,0.91
529,0.91
530,0.91
531,0.91
532,0.91
533,0.91
534,0.91
535,0.91
536,0.91
537,0.91
538,0.91
539,0.91
540,0.91
541,0.91
542,0.91
543,0.91
544,0.91
545,0.91
546,0.91
547,0.91
548,0.91
549,0.91
550,0.91
551,0.91
552,0.91
553,0.91
554,0.91
555,0.91
556,0.91
557,0.91
558,0.91
559,0.91
560,0.91
561,0.91
562,0.91
563,0.91
564,0.91
565,0.91
566,0.91
567,0.91
568,0.91
569,0.91
570,0.91
571,0.91
572,0.91
573,0.91
574,0.91
575,0.91
576,0.91
577,0.91
578,0.91
579,0.91
580,0.91
581,0.91
582,0.91
583,0.91
584,0.91
585,0.91
586,0.91
587,0.91
588,0.91
589,0.91
590,0.91
591,0.91
592,0.91
593,0.91
594,0.91
595,0.91
596,0.91
597,0.91
598,0.91
599,0.91
600,0.91
601,0.91
602,0.91
603,0.91
604,0.91
605,0.91
606,0.91
607,0.91
608,0.91
609,0.91
610,0.91
611,0.91
612,0.91
613,0.91
614,0.91
615,0.91
616,0.91
617,0.91
618,0.91
619,0.91
620,0.91
621,0.91
622,0.91
623,0.91
624,0.91
625,0.91
626,0.91
627,0.91
628,0.91
629,0.91
630,0.91
631,0.91
632,0.91
633,0.91
634,0.91
635,0.91
636,0.91
637,0.91
638,0.91
639,0.91
640,0.91
641,0.91
642,0.91
643,0.91
644,0.91
645,0.91
646,0.91
647,0.91
648,0.91
649,0.91
650,0.91
651,0.91
652,0.91
653,0.91
654,0.91
655,0.91
656,0.91
657,0.91
658,0.91
659,0.91
660,0.91
661,0.91
662,0.91
663,0.91
664,0.91
665,0.91
666,0.91
667,0.91
668,0.91
669,0.91
670,0.91
671,0.91
672,0.91
673,0.91
674,0.91
675,0.91
676,0.91
677,0.91
678,0.91
679,0.91
680,0.91
681,0.91
682,0.91
683,0.91
684,0.91
685,0.91
686,0.91
687,0.91
688,0.91
689,0.91
690,0.91
691,0.91
692,0.91
693,0.91
694,0.91
695,0.91
696,0.91
697,0.91
698,0.91
699,0.91
700,0.91
701,0.91
702,0.91
703,0.91
704,0.91
705,0.91
706,0.91
707,0.91
708,0.91
709,0.91
710,0.91
711,0.91
712,0.91
713,0.91
714,0.91
715,0.91
716,0.91
717,0.91
718,0.91
719,0.91
720,0.93
721,0.93
722,0.93
723,0.92
724,0.92
725,0.92
726,0.92
727,0.92
728,0.92
729,0.92
730,0.92
731,0.92
732,0.92
733,0.92
734,0.92
735,0.92
736,0.92
737,0.92
738,0.92
739,0.92
740,0.92
741,0.92
742,0.92
743,0.92
744,0.92
745,0.92
746,0.92
747,0.92
748,0.92
749,0.92
750,0.92
751,0.92
752,0.92
753,0.92
754,0.91
755,0.91
756,0.91
757,0.91
758,0.91
759,0.91
760,0.91
761,0.91
762,0.91
763,0.91
764,0.91
765,0.91
766,0.91
767,0.91
768,0.91
769,0.91
770,0.91
771,0.91
772,0.91
773,0.91
774,0.91
775,0.91
776,0.91
777,0.91
778,0.91
779,0.91
780,0.91
781,0.91
782,0.91
783,0.91
784,0.91
785,0.91
786,0.91
787,0.9
788,0.9
789,0.9
790,0.9
791,0.9
792,0.9
793,0.9
794,0.9
795,0.9
796,0.9
797,0.9
798,0.9
799,0.9
800,0.9
801,0.9
802,0.9
803,0.9
804,0.9
805,0.9
806,0.9
807,0.9
808,0.9
809,0.9
810,0.9
811,0.9
812,0.9
813,0.9
814,0.9
815,0.9
816,0.9
817,0.9
818,0.9
819,0.9
820,0.9
821,0.9
822,0.9
823,0.89
824,0.89
825,0.89
826,0.89
827,0.89
828,0.89
829,0.89
830,0.89
831,0.89
832,0.89
833,0.89
834,0.89
835,0.89
836,0.89
837,0.89
838,0.89
839,0.89
840,0.89
841,0.89
842,0.89
843,0.89
844,0.89
845,0.89
846,0.89
847,0.89
848,0.89
849,0.89
850,0.89
851,0.89
852,0.89
853,0.89
854,0.89
855,0.89
856,0.89
857,0.89
858,0.89
859,0.89
860,0.89
861,0.88
862,0.88
863,0.88
864,0.88
865,0.88
866,0.88
867,0.88
868,0.88
869,0.88
870,0.88
871,0.88
872,0.88
873,0.88
874,0.88
875,0.88
876,0.88
877,0.88
878,0.88
879,0.88
880,0.88
881,0.88
882,0.88
883,0.88
884,0.88
885,0.88
886,0.88
887,0.88
888,0.88
889,0.88
890,0.88
891,0.88
892,0.88
893,0.88
894,0.88
895,0.88
896,0.88
897,0.88
898,0.88
899,0.88
900,0.88
901,0.88
902,0.87
903,0.87
904,0.87
905,0.87
906,0.87
907,0.87
908,0.87
909,0.87
910,0.87
911,0.87
912,0.87
913,0.87
914,0.87
915,0.87
916,0.87
917,0.87
918,0.87
919,0.87
920,0.87
921,0.87
922,0.87
923,0.87
924,0.87
925,0.87
926,0.87
927,0.87
928,0.87
929,0.87
930,0.87
931,0.87
932,0.87
933,0.87
934,0.87
935,0.87
936,0.87
937,0.87
938,0.87
939,0.87
940,0.87
941,0.87
942,0.87
943,0.87
944,0.87
945,0.87
946,0.87
947,0.87
948,0.86
949,0.86
950,0.86
951,0.86
952,0.86
953,0.86
954,0.86
955,0.86
956,0.86
957,0.86
958,0.86
959,0.86
960,0.86
961,0.86
962,0.86
963,0.86
964,0.86
965,0.86
966,0.86
967,0.86
968,0.86
969,0.86
970,0.86
971,0.86
972,0.86
973,0.86
974,0.86
975,0.86
976,0.86
977,0.86
978,0.86
979,0.86
980,0.86
981,0.86
982,0.86
983,0.86
984,0.86
985,0.86
986,0.86
987,0.86
988,0.86
989,0.86
990,0.86
991,0.86
992,0.86
993,0.86
994,0.86
995,0.86
996,0.86
997,0.85
998,0.85
999,0.85
1000,0.85
1001,0.85
1002,0.85
1003,0.85
1004,0.85
1005,0.85
1006,0.85
1007,0.85
1008,0.85
1009,0.85
1010,0.85
1011,0.85
1012,0.85
1013,0.85
1014,0.85
1015,0.85
1016,0.85
1017,0.85
1018,0.85
1019,0.85
1020,0.85
1021,0.85
1022,0.85
1023,0.85
1024,0.85
1025,0.85
1026,0.85
1027,0.85
1028,0.85
1029,0.85
1030,0.85
1031,0.85
1032,0.85
1033,0.85
1034,0.85
1035,0.85
1036,0.85
1037,0.85
1038,0.85
1039,0.85
1040,0.85
1041,0.85
1042,0.85
1043,0.85
1044,0.85
1045,0.85
1046,0.85
1047,0.85
1048,0.85
1049,0.85
1050,0.85
1051,0.85
1052,0.85
1053,0.84
1054,0.84
1055,0.84
1056,0.84
1057,0.84
1058,0.84
1059,0.84
1060,0.84
1061,0.84
1062,0.84
1063,0.84
1064,0.84
1065,0.84
1066,0.84
1067,0.84
1068,0.84
1069,0.84
1070,0.84
1071,0.84
1072,0.84
1073,0.84
1074,0.84
1075,0.84
1076,0.84
1077,0.84
1078,0.84
1079,0.84
1080,0.84
1081,0.84
1082,0.84
1083,0.84
1084,0.84
1085,0.84
1086,0.84
1087,0.84
1088,0.84
1089,0.84
1090,0.84
1091,0.84
1092,0.84
1093,0.84
1094,0.84
1095,0.84
1096,0.84
1097,0.84
1098,0.84
1099,0.84
1100,0.84
1101,0.84
1102,0.84
1103,0.84
1104,0.84
1105,0.84
1106,0.84
1107,0.84
1108,0.84
1109,0.84
1110,0.84
1111,0.84
1112,0.84
1113,0.84
1114,0.84
1115,0.84
1116,0.83
1117,0.83
1118,0.83
1119,0.83
1120,0.83
1121,0.83
1122,0.83
1123,0.83
1124,0.83
1125,0.83
1126,0.83
1127,0.83
1128,0.83
1129,0.83
1130,0.83
1131,0.83
1132,0.83
1133,0.83
1134,0.83
1135,0.83
1136,0.83
1137,0.83
1138,0.83
1139,0.83
1140,0.83
1141,0.83
1142,0.83
1143,0.83
1144,0.83
1145,0.83
1146,0.83
1147,0.83
1148,0.83
1149,0.83
1150,0.83
1151,0.83
1152,0.83
1153,0.83
1154,0.83
1155,0.83
1156,0.83
1157,0.83
1158,0.83
1159,0.83
1160,0.83
1161,0.83
1162,0.83
1163,0.83
1164,0.83
1165,0.83
1166,0.83
1167,0.83
1168,0.83
1169,0.83
1170,0.83
1171,0.83
1172,0.83
1173,0.83
1174,0.83
1175,0.83
1176,0.83
1177,0.83
1178,0.83
1179,0.83
1180,0.83
1181,0.83
1182,0.83
1183,0.83
1184,0.83
1185,0.83
1186,0.83
1187,0.83
1188,0.83
1189,0.82
1190,0.82
1191,0.82
1192,0.82
1193,0.82
1194,0.82
1195,0.82
1196,0.82
1197,0.82
1198,0.82
1199,0.82
1200,0.82
1201,0.82
1202,0.82
1203,0.82
1204,0.82
1205,0.82
1206,0.82
1207,0.82
1208,0.82
1209,0.82
1210,0.82
1211,0.82
1212,0.82
1213,0.82
1214,0.82
1215,0.82
1216,0.82
1217,0.82
1218,0.82
1219,0.82
1220,0.82
1221,0.82
1222,0.82
1223,0.82
1224,0.82
1225,0.82
1226,0.82
1227,0.82
1228,0.82
1229,0.82
1230,0.82
1231,0.82
1232,0.82
1233,0.82
1234,0.82
1235,0.82
1236,0.82
1237,0.82
1238,0.82
1239,0.82
1240,0.82
1241,0.82
1242,0.82
1243,0.82
1244,0.82
1245,0.82
1246,0.82
1247,0.82
1248,0.82
1249,0.82
1250,0.82
1251,0.82
1252,0.82
1253,0.82
1254,0.82
1255,0.82
1256,0.82
1257,0.82
1258,0.82
1259,0.82
1260,0.82
1261,0.82
1262,0.82
1263,0.82
1264,0.82
1265,0.82
1266,0.82
1267,0.82
1268,0.82
1269,0.82
1270,0.82
1271,0.82
1272,0.82
1273,0.81
1274,0.81
1275,0.81
1276,0.81
1277,0.81
1278,0.81
1279,0.81
1280,0.81
1281,0.81
1282,0.81
1283,0.81
1284,0.81
1285,0.81
1286,0.81
1287,0.81
1288,0.81
1289,0.81
1290,0.81
1291,0.81
1292,0.81
1293,0.81
1294,0.81
1295,0.81
1296,0.81
1297,0.81
1298,0.81
1299,0.81
1300,0.81
1301,0.81
1302,0.81
1303,0.81
1304,0.81
1305,0.81
1306,0.81
1307,0.81
1308,0.81
1309,0.81
1310,0.81
1311,0.81
1312,0.81
1313,0.81
1314,0.81
1315,0.81
1316,0.81
1317,0.81
1318,0.81
1319,0.81
1320,0.81
1321,0.81
1322,0.81
1323,0.81
1324,0.81
1325,0.81
1326,0.81
1327,0.81
1328,0.81
1329,0.81
1330,0.81
1331,0.81
1332,0.81
1333,0.81
1334,0.81
1335,0.81
1336,0.81
1337,0.81
1338,0.81
1339,0.81
1340,0.81
1341,0.81
1342,0.81
1343,0.81
1344,0.81
1345,0.81
1346,0.81
1347,0.81
1348,0.81
1349,0.81
1350,0.81
1351,0.81
1352,0.81
1353,0.81
1354,0.81
1355,0.81
1356,0.81
1357,0.81
1358,0.81
1359,0.81
1360,0.81
1361,0.81
1362,0.81
1363,0.81
1364,0.81
1365,0.81
1366,0.81
1367,0.81
1368,0.81
1369,0.81
1370,0.81
1371,0.81
1372,0.8
1373,0.8
1374,0.8
1375,0.8
1376,0.8
1377,0.8
1378,0.8
1379,0.8
1380,0.8
1381,0.8
1382,0.8
1383,0.8
1384,0.8
1385,0.8
1386,0.8
1387,0.8
1388,0.8
1389,0.8
1390,0.8
1391,0.8
1392,0.8
1393,0.8
1394,0.8
1395,0.8
1396,0.8
1397,0.8
1398,0.8
1399,0.8
1400,0.8
1401,0.8
1402,0.8
1403,0.8
1404,0.8
1405,0.8
1406,0.8
1407,0.8
1408,0.8
1409,0.8
1410,0.8
1411,0.8
1412,0.8
1413,0.8
1414,0.8
1415,0.8
1416,0.8
1417,0.8
1418,0.8
1419,0.8
1420,0.8
1421,0.8
1422,0.8
1423,0.8
1424,0.8
1425,0.8
1426,0.8
1427,0.8
1428,0.8
1429,0.8
1430,0.8
1431,0.8
1432,0.8
1433,0.8
1434,0.8
1435,0.8
1436,0.8
1437,0.8
1438,0.8
1439,0.8
1440,0.8
1441,0.8
1442,0.8
1443,0.8
1444,0.8
1445,0.8
1446,0.8
1447,0.8
1448,0.8
1449,0.8
1450,0.8
1451,0.8
1452,0.8
1453,0.8
1454,0.8
1455,0.8
1456,0.8
1457,0.8
1458,0.8
1459,0.8
1460,0.8
1461,0.8
1462,0.8
1463,0.8
1464,0.8
1465,0.8
1466,0.8
1467,0.8
1468,0.8
1469,0.8
1470,0.8
1471,0.8
1472,0.8
1473,0.8
1474,0.8
1475,0.8
1476,0.8
1477,0.8
1478,0.8
1479,0.8
1480,0.8
1481,0.8
1482,0.8
1483,0.79
1484,0.79
1485,0.79
1486,0.79
1487,0.79
1488,0.79
1489,0.79
1490,0.79
1491,0.79
1492,0.79
1493,0.79
1494,0.79
1495,0.79
1496,0.79
1497,0.79
1498,0.79
1499,0.79
1500,0.79
1501,0.79
1502,0.79
1503,0.79
1504,0.79
1505,0.79
1506,0.79
1507,0.79
1508,0.79
1509,0.79
1510,0.79
1511,0.79
1512,0.79
1513,0.79
1514,0.79
1515,0.79
1516,0.79
1517,0.79
1518,0.79
1519,0.79
1520,0.79
1521,0.79
1522,0.79
1523,0.79
1524,0.79
1525,0.79
1526,0.79
1527,0.79
1528,0.79
1529,0.79
1530,0.79
1531,0.79
1532,0.79
1533,0.79
1534,0.79
1535,0.79
1536,0.79
1537,0.79
1538,0.79
1539,0.79
1540,0.79
1541,0.79
1542,0.79
1543,0.79
1544,0.79
1545,0.79
1546,0.79
1547,0.79
1548,0.79
1549,0.79
1550,0.79
1551,0.79
1552,0.79
1553,0.79
1554,0.79
1555,0.79
1556,0.79
1557,0.79
1558,0.79
1559,0.79
1560,0.79
1561,0.79
1562,0.79
1563,0.79
1564,0.79
1565,0.79
1566,0.79
1567,0.79
1568,0.79
1569,0.79
1570,0.79
1571,0.79
1572,0.79
1573,0.79
1574,0.79
1575,0.79
1576,0.79
1577,0.79
1578,0.79
1579,0.79
1580,0.79
1581,0.79
1582,0.79
1583,0.79
1584,0.79
1585,0.79
1586,0.79
1587,0.79
1588,0.79
1589,0.79
1590,0.79
1591,0.79
1592,0.79
1593,0.79
1594,0.79
1595,0.79
1596,0.78
1597,0.78
1598,0.78
1599,0.78
1600,0.78
1601,0.78
1602,0.78
1603,0.78
1604,0.78
1605,0.78
1606,0.78
1607,0.78
1608,0.78
1609,0.78
1610,0.78
1611,0.78
1612,0.78
1613,0.78
1614,0.78
1615,0.78
1616,0.78
1617,0.78
1618,0.78
1619,0.78
1620,0.78
1621,0.78
1622,0.78
1623,0.78
1624,0.78
1625,0.78
1626,0.78
1627,0.78
1628,0.78
1629,0.78
1630,0.78
1631,0.78
1632,0.78
1633,0.78
1634,0.78
1635,0.78
1636,0.78
1637,0.78
1638,0.78
1639,0.78
1640,0.78
1641,0.78
1642,0.78
1643,0.78
1644,0.78
1645,0.78
1646,0.78
1647,0.78
1648,0.78
1649,0.78
1650,0.78
1651,0.78
1652,0.78
1653,0.78
1654,0.78
1655,0.78
1656,0.78
1657,0.78
1658,0.78
1659,0.78
1660,0.78
1661,0.78
1662,0.78
1663,0.78
1664,0.78
1665,0.78
1666,0.78
1667,0.78
1668,0.78
1669,0.78
1670,0.78
1671,0.78
1672,0.78
1673,0.78
1674,0.78
1675,0.78
1676,0.78
1677,0.78
1678,0.78
1679,0.78
1680,0.78
1681,0.78
1682,0.78
1683,0.78
1684,0.78
1685,0.78
1686,0.78
1687,0.78
1688,0.78
1689,0.78
1690,0.78
1691,0.78
1692,0.78
1693,0.78
1694,0.78
1695,0.78
1696,0.78
1697,0.78
1698,0.78
1699,0.78
1700,0.78
1701,0.78
1702,0.77
1703,0.77
1704,0.77
1705,0.77
1706,0.77
1707,0.77
1708,0.77
1709,0.77
1710,0.77
1711,0.77
1712,0.77
1713,0.77
1714,0.77
1715,0.77
1716,0.77
1717,0.77
1718,0.77
1719,0.77
1720,0.77
1721,0.77
1722,0.77
1723,0.77
1724,0.77
1725,0.77
1726,0.77
1727,0.77
1728,0.77
1729,0.77
1730,0.77
1731,0.77
1732,0.77
1733,0.77
1734,0.77
1735,0.77
1736,0.77
1737,0.77
1738,0.77
1739,0.77
1740,0.77
1741,0.77
1742,0.77
1743,0.77
1744,0.77
1745,0.77
1746,0.77
1747,0.77
1748,0.77
1749,0.77
1750,0.77
1751,0.77
1752,0.77
1753,0.77
1754,0.77
1755,0.77
1756,0.77
1757,0.77
1758,0.77
1759,0.77
1760,0.77
1761,0.77
1762,0.77
1763,0.77
1764,0.77
1765,0.77
1766,0.77
1767,0.77
1768,0.77
1769,0.77
1770,0.77
1771,0.77
1772,0.77
1773,0.77
1774,0.77
1775,0.77
1776,0.77
1777,0.77
1778,0.77
1779,0.77
1780,0.77
1781,0.77
1782,0.77
1783,0.77
1784,0.77
1785,0.77
1786,0.77
1787,0.77
1788,0.77
1789,0.77
1790,0.77
1791,0.77
1792,0.77
1793,0.77
1794,0.76
1795,0.76
1796,0.76
1797,0.76
1798,0.76
1799,0.76
1800,0.76
1801,0.76
1802,0.76
1803,0.76
1804,0.76
1805,0.76
1806,0.76
1807,0.76
1808,0.76
1809,0.76
1810,0.76
1811,0.76
1812,0.76
1813,0.76
1814,0.76
1815,0.76
1816,0.76
1817,0.76
1818,0.76
1819,0.76
1820,0.76
1821,0.76
1822,0.76
1823,0.76
1824,0.76
1825,0.76
1826,0.76
1827,0.76
1828,0.76
1829,0.76
1830,0.76
1831,0.76
1832,0.76
1833,0.76
1834,0.76
1835,0.76
1836,0.76
1837,0.76
1838,0.76
1839,0.76
1840,0.76
1841,0.76
1842,0.76
1843,0.76
1844,0.76
1845,0.76
1846,0.76
1847,0.76
1848,0.76
1849,0.76
1850,0.76
1851,0.76
1852,0.76
1853,0.76
1854,0.76
1855,0.76
1856,0.76
1857,0.76
1858,0.76
1859,0.76
1860,0.76
1861,0.76
1862,0.76
1863,0.76
1864,0.76
1865,0.76
1866,0.76
1867,0.76
1868,0.76
1869,0.76
1870,0.76
1871,0.76
1872,0.75
1873,0.75
1874,0.75
1875,0.75
1876,0.75
1877,0.75
1878,0.75
1879,0.75
1880,0.75
1881,0.75
1882,0.75
1883,0.75
1884,0.75
1885,0.75
1886,0.75
1887,0.75
1888,0.75
1889,0.75
1890,0.75
1891,0.75
1892,0.75
1893,0.75
1894,0.75
1895,0.75
1896,0.75
1897,0.75
1898,0.75
1899,0.75
1900,0.75
1901,0.75
1902,0.75
1903,0.75
1904,0.75
1905,0.75
1906,0.75
1907,0.75
1908,0.75
1909,0.75
1910,0.75
1911,0.75
1912,0.75
1913,0.75
1914,0.75
1915,0.75
1916,0.75
1917,0.75
1918,0.75
1919,0.75
1920,0.75
1921,0.75
1922,0.75
1923,0.75
1924,0.75
1925,0.75
1926,0.75
1927,0.75
1928,0.75
1929,0.75
1930,0.75
1931,0.75
1932,0.75
1933,0.75
1934,0.75
1935,0.75
1936,0.75
1937,0.75
1938,0.75
1939,0.75
1940,0.74
1941,0.74
1942,0.74
1943,0.74
1944,0.74
1945,0.74
1946,0.74
1947,0.74
1948,0.74
1949,0.74
1950,0.74
1951,0.74
1952,0.74
1953,0.74
1954,0.74
1955,0.74
1956,0.74
1957,0.74
1958,0.74
1959,0.74
1960,0.74
1961,0.74
1962,0.74
1963,0.74
1964,0.74
1965,0.74
1966,0.74
1967,0.74
1968,0.74
1969,0.74
1970,0.74
1971,0.74
1972,0.74
1973,0.74
1974,0.74
1975,0.74
1976,0.74
1977,0.74
1978,0.74
1979,0.74
1980,0.74
1981,0.74
1982,0.74
1983,0.74
1984,0.74
1985,0.74
1986,0.74
1987,0.74
1988,0.74
1989,0.74
1990,0.74
1991,0.74
1992,0.74
1993,0.74
1994,0.74
1995,0.74
1996,0.74
1997,0.74
1998,0.74
1999,0.73
2000,0.73
2001,0.73
2002,0.73
2003,0.73
2004,0.73
2005,0.73
2006,0.73
2007,0.73
2008,0.73
2009,0.73
2010,0.73
2011,0.73
2012,0.73
2013,0.73
2014,0.73
2015,0.73
2016,0.73
2017,0.73
2018,0.73
2019,0.73
2020,0.73
2021,0.73
2022,0.73
2023,0.73
2024,0.73
2025,0.73
2026,0.73
2027,0.73
2028,0.73
2029,0.73
2030,0.73
2031,0.73
2032,0.73
2033,0.73
2034,0.73
2035,0.73
2036,0.73
2037,0.73
2038,0.73
2039,0.73
2040,0.73
2041,0.73
2042,0.73
2043,0.73
2044,0.73
2045,0.73
2046,0.73
2047,0.73
2048,0.73
2049,0.73
2050,0.73
2051,0.73
2052,0.72
2053,0.72
2054,0.72
2055,0.72
2056,0.72
2057,0.72
2058,0.72
2059,0.72
2060,0.72
2061,0.72
2062,0.72
2063,0.72
2064,0.72
2065,0.72
2066,0.72
2067,0.72
2068,0.72
2069,0.72
2070,0.72
2071,0.72
2072,0.72
2073,0.72
2074,0.72
2075,0.72
2076,0.72
2077,0.72
2078,0.72
2079,0.72
2080,0.72
2081,0.72
2082,0.72
2083,0.72
2084,0.72
2085,0.72
2086,0.72
2087,0.72
2088,0.72
2089,0.72
2090,0.72
2091,0.72
2092,0.72
2093,0.72
2094,0.72
2095,0.72
2096,0.72
2097,0.72
2098,0.72
2099,0.71
2100,0.71
2101,0.71
2102,0.71
2103,0.71
2104,0.71
2105,0.71
2106,0.71
2107,0.71
2108,0.71
2109,0.71
2110,0.71
2111,0.71
2112,0.71
2113,0.71
2114,0.71
2115,0.71
2116,0.71
2117,0.71
2118,0.71
2119,0.71
2120,0.71
2121,0.71
2122,0.71
2123,0.71
2124,0.71
2125,0.71
2126,0.71
2127,0.71
2128,0.71
2129,0.71
2130,0.71
2131,0.71
2132,0.71
2133,0.71
2134,0.71
2135,0.71
2136,0.71
2137,0.71
2138,0.71
2139,0.71
2140,0.71
2141,0.71
2142,0.71
2143,0.7
2144,0.7
2145,0.7
2146,0.7
2147,0.7
2148,0.7
2149,0.7
2150,0.7
2151,0.7
2152,0.7
2153,0.7
2154,0.7
2155,0.7
2156,0.7
2157,0.7
2158,0.7
2159,0.7
2160,0.7
2161,0.7
2162,0.7
2163,0.7
2164,0.7
2165,0.7
2166,0.7
2167,0.7
2168,0.7
2169,0.7
2170,0.7
2171,0.7
2172,0.7
2173,0.7
2174,0.7
2175,0.7
2176,0.7
2177,0.7
2178,0.7
2179,0.7
2180,0.7
2181,0.7
2182,0.7
2183,0.69
2184,0.69
2185,0.69
2186,0.69
2187,0.69
2188,0.69
2189,0.69
2190,0.69
2191,0.69
2192,0.69
2193,0.69
2194,0.69
2195,0.69
2196,0.69
2197,0.69
2198,0.69
2199,0.69
2200,0.69
2201,0.69
2202,0.69
2203,0.69
2204,0.69
2205,0.69
2206,0.69
2207,0.69
2208,0.69
2209,0.69
2210,0.69
2211,0.69
2212,0.69
2213,0.69
2214,0.69
2215,0.69
2216,0.69
2217,0.69
2218,0.69
2219,0.69
2220,0.68
2221,0.68
2222,0.68
2223,0.68
2224,0.68
2225,0.68
2226,0.68
2227,0.68
2228,0.68
2229,0.68
2230,0.68
2231,0.68
2232,0.68
2233,0.68
2234,0.68
2235,0.68
2236,0.68
2237,0.68
2238,0.68
2239,0.68
2240,0.68
2241,0.68
2242,0.68
2243,0.68
2244,0.68
2245,0.68
2246,0.68
2247,0.68
2248,0.68
2249,0.68
2250,0.68
2251,0.68
2252,0.68
2253,0.68
2254,0.68
2255,0.67
2256,0.67
2257,0.67
2258,0.67
2259,0.67
2260,0.67
2261,0.67
2262,0.67
2263,0.67
2264,0.67
2265,0.67
2266,0.67
2267,0.67
2268,0.67
2269,0.67
2270,0.67
2271,0.67
2272,0.67
2273,0.67
2274,0.67
2275,0.67
2276,0.67
2277,0.67
2278,0.67
2279,0.67
2280,0.67
2281,0.67
2282,0.67
2283,0.67
2284,0.67
2285,0.67
2286,0.67
2287,0.67
2288,0.67
2289,0.66
2290,0.66
2291,0.66
2292,0.66
2293,0.66
2294,0.66
2295,0.66
2296,0.66
2297,0.66
2298,0.66
2299,0.66
2300,0.66
2301,0.66
2302,0.66
2303,0.66
2304,0.66
2305,0.66
2306,0.66
2307,0.66
2308,0.66
2309,0.66
2310,0.66
2311,0.66
2312,0.66
2313,0.66
2314,0.66
2315,0.66
2316,0.66
2317,0.66
2318,0.66
2319,0.66
2320,0.66
2321,0.65
2322,0.65
2323,0.65
2324,0.65
2325,0.65
2326,0.65
2327,0.65
2328,0.65
2329,0.65
2330,0.65
2331,0.65
2332,0.65
2333,0.65
2334,0.65
2335,0.65
2336,0.65
2337,0.65
2338,0.65
2339,0.65
2340,0.65
2341,0.65
2342,0.65
2343,0.65
2344,0.65
2345,0.65
2346,0.65
2347,0.65
2348,0.65
2349,0.65
2350,0.65
2351,0.65
2352,0.65
2353,0.64
2354,0.64
2355,0.64
2356,0.64
2357,0.64
2358,0.64
2359,0.64
2360,0.64
2361,0.64
2362,0.64
2363,0.64
2364,0.64
2365,0.64
2366,0.64
2367,0.64
2368,0.64
2369,0.64
2370,0.64
2371,0.64
2372,0.64
2373,0.64
2374,0.64
2375,0.64
2376,0.64
2377,0.64
2378,0.64
2379,0.64
2380,0.64
2381,0.64
2382,0.64
2383,0.63
2384,0.63
2385,0.63
2386,0.63
2387,0.63
2388,0.63
2389,0.63
2390,0.63
2391,0.63
2392,0.63
2393,0.63
2394,0.63
2395,0.63
2396,0.63
2397,0.63
2398,0.63
2399,0.63
2400,0.63
2401,0.63
2402,0.63
2403,0.63
2404,0.63
2405,0.63
2406,0.63
2407,0.63
2408,0.63
2409,0.63
2410,0.63
2411,0.63
2412,0.63
2413,0.62
2414,0.62
2415,0.62
2416,0.62
2417,0.62
2418,0.62
2419,0.62
2420,0.62
2421,0.62
2422,0.62
2423,0.62
2424,0.62
2425,0.62
2426,0.62
2427,0.62
2428,0.62
2429,0.62
2430,0.62
2431,0.62
2432,0.62
2433,0.62
2434,0.62
2435,0.62
2436,0.62
2437,0.62
2438,0.62
2439,0.62
2440,0.62
2441,0.62
2442,0.62
2443,0.61
2444,0.61
2445,0.61
2446,0.61
2447,0.61
2448,0.61
2449,0.61
2450,0.61
2451,0.61
2452,0.61
2453,0.61
2454,0.61
2455,0.61
2456,0.61
2457,0.61
2458,0.61
2459,0.61
2460,0.61
2461,0.61
2462,0.61
2463,0.61
2464,0.61
2465,0.61
2466,0.61
2467,0.61
2468,0.61
2469,0.61
2470,0.61
2471,0.6
2472,0.6
2473,0.6
2474,0.6
2475,0.6
2476,0.6
2477,0.6
2478,0.6
2479,0.6
2480,0.6
2481,0.6
2482,0.6
2483,0.6
2484,0.6
2485,0.6
2486,0.6
2487,0.6
2488,0.6
2489,0.6
2490,0.6
2491,0.6
2492,0.6
2493,0.6
2494,0.6
2495,0.6
2496,0.6
2497,0.6
2498,0.6
2499,0.59
2500,0.59
2501,0.59
2502,0.59
2503,0.59
2504,0.59
2505,0.59
2506,0.59
2507,0.59
2508,0.59
2509,0.59
2510,0.59
2511,0.59
2512,0.59
2513,0.59
2514,0.59
2515,0.59
2516,0.59
2517,0.59
2518,0.59
2519,0.59
2520,0.59
2521,0.59
2522,0.59
2523,0.59
2524,0.59
2525,0.59
2526,0.59
2527,0.58
2528,0.58
2529,0.58
2530,0.58
2531,0.58
2532,0.58
2533,0.58
2534,0.58
2535,0.58
2536,0.58
2537,0.58
2538,0.58
2539,0.58
2540,0.58
2541,0.58
2542,0.58
2543,0.58
2544,0.58
2545,0.58
2546,0.58
2547,0.58
2548,0.58
2549,0.58
2550,0.58
2551,0.58
2552,0.58
2553,0.58
2554,0.58
2555,0.57
2556,0.57
2557,0.57
2558,0.57
2559,0.57
2560,0.57
2561,0.57
2562,0.57
2563,0.57
2564,0.57
2565,0.57
2566,0.57
2567,0.57
2568,0.57
2569,0.57
2570,0.57
2571,0.57
2572,0.57
2573,0.57
2574,0.57
2575,0.57
2576,0.57
2577,0.57
2578,0.57
2579,0.57
2580,0.57
2581,0.57
2582,0.56
2583,0.56
2584,0.56
2585,0.56
2586,0.56
2587,0.56
2588,0.56
2589,0.56
2590,0.56
2591,0.56
2592,0.56
2593,0.56
2594,0.56
2595,0.56
2596,0.56
2597,0.56
2598,0.56
2599,0.56
2600,0.56
2601,0.56
2602,0.56
2603,0.56
2604,0.56
2605,0.56
2606,0.56
2607,0.56
2608,0.56
2609,0.56
2610,0.55
2611,0.55
2612,0.55
2613,0.55
2614,0.55
2615,0.55
2616,0.55
2617,0.55
2618,0.55
2619,0.55
2620,0.55
2621,0.55
2622,0.55
2623,0.55
2624,0.55
2625,0.55
2626,0.55
2627,0.55
2628,0.55
2629,0.55
2630,0.55
2631,0.55
2632,0.55
2633,0.55
2634,0.55
2635,0.55
2636,0.55
2637,0.54
2638,0.54
2639,0.54
2640,0.54
2641,0.54
2642,0.54
2643,0.54
2644,0.54
2645,0.54
2646,0.54
2647,0.54
2648,0.54
2649,0.54
2650,0.54
2651,0.54
2652,0.54
2653,0.54
2654,0.54
2655,0.54
2656,0.54
2657,0.54
2658,0.54
2659,0.54
2660,0.54
2661,0.54
2662,0.54
2663,0.54
2664,0.53
2665,0.53
2666,0.53
2667,0.53
2668,0.53
2669,0.53
2670,0.53
2671,0.53
2672,0.53
2673,0.53
2674,0.53
2675,0.53
2676,0.53
2677,0.53
2678,0.53
2679,0.53
2680,0.53
2681,0.53
2682,0.53
2683,0.53
2684,0.53
2685,0.53
2686,0.53
2687,0.53
2688,0.53
2689,0.53
2690,0.53
2691,0.52
2692,0.52
2693,0.52
2694,0.52
2695,0.52
2696,0.52
2697,0.52
2698,0.52
2699,0.52
2700,0.52
2701,0.52
2702,0.52
2703,0.52
2704,0.52
2705,0.52
2706,0.52
2707,0.52
2708,0.52
2709,0.52
2710,0.52
2711,0.52
2712,0.52
2713,0.52
2714,0.52
2715,0.52
2716,0.52
2717,0.52
2718,0.51
2719,0.51
2720,0.51
2721,0.51
2722,0.51
2723,0.51
2724,0.51
2725,0.51
2726,0.51
2727,0.51
2728,0.51
2729,0.51
2730,0.51
2731,0.51
2732,0.51
2733,0.51
2734,0.51
2735,0.51
2736,0.51
2737,0.51
2738,0.51
2739,0.51
2740,0.51
2741,0.51
2742,0.51
2743,0.51
2744,0.51
2745,0.5
2746,0.5
2747,0.5
2748,0.5
2749,0.5
2750,0.5
2751,0.5
2752,0.5
2753,0.5
2754,0.5
2755,0.5
2756,0.5
2757,0.5
2758,0.5
2759,0.5
2760,0.5
2761,0.5
2762,0.5
2763,0.5
2764,0.5
2765,0.5
2766,0.5
2767,0.5
2768,0.5
2769,0.5
2770,0.5
2771,0.5
2772,0.49
2773,0.49
2774,0.49
2775,0.49
2776,0.49
2777,0.49
2778,0.49
2779,0.49
2780,0.49
2781,0.49
2782,0.49
2783,0.49
2784,0.49
2785,0.49
2786,0.49
2787,0.49
2788,0.49
2789,0.49
2790,0.49
2791,0.49
2792,0.49
2793,0.49
2794,0.49
2795,0.49
2796,0.49
2797,0.49
2798,0.49
2799,0.48
2800,0.48
2801,0.48
2802,0.48
2803,0.48
2804,0.48
2805,0.48
2806,0.48
2807,0.48
2808,0.48
2809,0.48
2810,0.48
2811,0.48
2812,0.48
2813,0.48
2814,0.48
2815,0.48
2816,0.48
2817,0.48
2818,0.48
2819,0.48
2820,0.48
2821,0.48
2822,0.48
2823,0.48
2824,0.48
2825,0.48
2826,0.47
2827,0.47
2828,0.47
2829,0.47
2830,0.47
2831,0.47
2832,0.47
2833,0.47
2834,0.47
2835,0.47
2836,0.47
2837,0.47
2838,0.47
2839,0.47
2840,0.47
2841,0.47
2842,0.47
2843,0.47
2844,0.47
2845,0.47
2846,0.47
2847,0.47
2848,0.47
2849,0.47
2850,0.47
2851,0.47
2852,0.47
2853,0.47
2854,0.46
2855,0.46
2856,0.46
2857,0.46
2858,0.46
2859,0.46
2860,0.46
2861,0.46
2862,0.46
2863,0.46
2864,0.46
2865,0.46
2866,0.46
2867,0.46
2868,0.46
2869,0.46
2870,0.46
2871,0.46
2872,0.46
2873,0.46
2874,0.46
2875,0.46
2876,0.46
2877,0.46
2878,0.46
2879,0.46
2880,0.46
2881,0.46
2882,0.45
2883,0.45
2884,0.45
2885,0.45
2886,0.45
2887,0.45
2888,0.45
2889,0.45
2890,0.45
2891,0.45
2892,0.45
2893,0.45
2894,0.45
2895,0.45
2896,0.45
2897,0.45
2898,0.45
2899,0.45
2900,0.45
2901,0.45
2902,0.45
2903,0.45
2904,0.45
2905,0.45
2906,0.45
2907,0.45
2908,0.45
2909,0.45
2910,0.45
2911,0.44
2912,0.44
2913,0.44
2914,0.44
2915,0.44
2916,0.44
2917,0.44
2918,0.44
2919,0.44
2920,0.44
2921,0.44
2922,0.44
2923,0.44
2924,0.44
2925,0.44
2926,0.44
2927,0.44
2928,0.44
2929,0.44
2930,0.44
2931,0.44
2932,0.44
2933,0.44
2934,0.44
2935,0.44
2936,0.44
2937,0.44
2938,0.44
2939,0.44
2940,0.43
2941,0.43
2942,0.43
2943,0.43
2944,0.43
2945,0.43
2946,0.43
2947,0.43
2948,0.43
2949,0.43
2950,0.43
2951,0.43
2952,0.43
2953,0.43
2954,0.43
2955,0.43
2956,0.43
2957,0.43
2958,0.43
2959,0.43
2960,0.43
2961,0.43
2962,0.43
2963,0.43
2964,0.43
2965,0.43
2966,0.43
2967,0.43
2968,0.43
2969,0.42
2970,0.42
2971,0.42
2972,0.42
2973,0.42
2974,0.42
2975,0.42
2976,0.42
2977,0.42
2978,0.42
2979,0.42
2980,0.42
2981,0.42
2982,0.42
2983,0.42
2984,0.42
2985,0.42
2986,0.42
2987,0.42
2988,0.42
2989,0.42
2990,0.42
2991,0.42
2992,0.42
2993,0.42
2994,0.42
2995,0.42
2996,0.42
2997,0.42
2998,0.41
2999,0.41
3000,0.41
3001,0.41
3002,0.41
3003,0.41
3004,0.41
3005,0.41
3006,0.41
3007,0.41
3008,0.41
3009,0.41
3010,0.41
3011,0.41
3012,0.41
3013,0.41
3014,0.41
3015,0.41
3016,0.41
3017,0.41
3018,0.41
3019,0.41
3020,0.41
3021,0.41
3022,0.41
3023,0.41
3024,0.41
3025,0.41
3026,0.41
3027,0.41
3028,0.41
3029,0.4
3030,0.4
3031,0.4
3032,0.4
3033,0.4
3034,0.4
3035,0.4
3036,0.4
3037,0.4
3038,0.4
3039,0.4
3040,0.4
3041,0.4
3042,0.4
3043,0.4
3044,0.4
3045,0.4
3046,0.4
3047,0.4
3048,0.4
3049,0.4
3050,0.4
3051,0.4
3052,0.4
3053,0.4
3054,0.4
3055,0.4
3056,0.4
3057,0.4
3058,0.4
3059,0.39
3060,0.39
3061,0.39
3062,0.39
3063,0.39
3064,0.39
3065,0.39
3066,0.39
3067,0.39
3068,0.39
3069,0.39
3070,0.39
3071,0.39
3072,0.39
3073,0.39
3074,0.39
3075,0.39
3076,0.39
3077,0.39
3078,0.39
3079,0.39
3080,0.39
3081,0.39
3082,0.39
3083,0.39
3084,0.39
3085,0.39
3086,0.39
3087,0.39
3088,0.39
3089,0.39
3090,0.38
3091,0.38
3092,0.38
3093,0.38
3094,0.38
3095,0.38
3096,0.38
3097,0.38
3098,0.38
3099,0.38
3100,0.38
3101,0.38
3102,0.38
3103,0.38
3104,0.38
3105,0.38
3106,0.38
3107,0.38
3108,0.38
3109,0.38
3110,0.38
3111,0.38
3112,0.38
3113,0.38
3114,0.38
3115,0.38
3116,0.38
3117,0.38
3118,0.38
3119,0.38
3120,0.38
3121,0.38
3122,0.37
3123,0.37
3124,0.37
3125,0.37
3126,0.37
3127,0.37
3128,0.37
3129,0.37
3130,0.37
3131,0.37
3132,0.37
3133,0.37
3134,0.37
3135,0.37
3136,0.37
3137,0.37
3138,0.37
3139,0.37
3140,0.37
3141,0.37
3142,0.37
3143,0.37
3144,0.37
3145,0.37
3146,0.37
3147,0.37
3148,0.37
3149,0.37
3150,0.37
3151,0.37
3152,0.37
3153,0.37
3154,0.36
3155,0.36
3156,0.36
3157,0.36
3158,0.36
3159,0.36
3160,0.36
3161,0.36
3162,0.36
3163,0.36
3164,0.36
3165,0.36
3166,0.36
3167,0.36
3168,0.36
3169,0.36
3170,0.36
3171,0.36
3172,0.36
3173,0.36
3174,0.36
3175,0.36
3176,0.36
3177,0.36
3178,0.36
3179,0.36
3180,0.36
3181,0.36
3182,0.36
3183,0.36
3184,0.36
3185,0.36
3186,0.36
3187,0.35
3188,0.35
3189,0.35
3190,0.35
3191,0.35
3192,0.35
3193,0.35
3194,0.35
3195,0.35
3196,0.35
3197,0.35
3198,0.35
3199,0.35
3200,0.35
3201,0.35
3202,0.35
3203,0.35
3204,0.35
3205,0.35
3206,0.35
3207,0.35
3208,0.35
3209,0.35
3210,0.35
3211,0.35
3212,0.35
3213,0.35
3214,0.35
3215,0.35
3216,0.35
3217,0.35
3218,0.35
3219,0.35
3220,0.35
3221,0.34
3222,0.34
3223,0.34
3224,0.34
3225,0.34
3226,0.34
3227,0.34
3228,0.34
3229,0.34
3230,0.34
3231,0.34
3232,0.34
3233,0.34
3234,0.34
3235,0.34
3236,0.34
3237,0.34
3238,0.34
3239,0.34
3240,0.34
3241,0.34
3242,0.34
3243,0.34
3244,0.34
3245,0.34
3246,0.34
3247,0.34
3248,0.34
3249,0.34
3250,0.34
3251,0.34
3252,0.34
3253,0.34
3254,0.34
3255,0.33
3256,0.33
3257,0.33
3258,0.33
3259,0.33
3260,0.33
3261,0.33
3262,0.33
3263,0.33
3264,0.33
3265,0.33
3266,0.33
3267,0.33
3268,0.33
3269,0.33
3270,0.33
3271,0.33
3272,0.33
3273,0.33
3274,0.33
3275,0.33
3276,0.33
3277,0.33
3278,0.33
3279,0.33
3280,0.33
3281,0.33
3282,0.33
3283,0.33
3284,0.33
3285,0.33
3286,0.33
3287,0.33
3288,0.33
3289,0.33
3290,0.32
3291,0.32
3292,0.32
3293,0.32
3294,0.32
3295,0.32
3296,0.32
3297,0.32
3298,0.32
3299,0.32
3300,0.32
3301,0.32
3302,0.32
3303,0.32
3304,0.32
3305,0.32
3306,0.32
3307,0.32
3308,0.32
3309,0.32
3310,0.32
3311,0.32
3312,0.32
3313,0.32
3314,0.32
3315,0.32
3316,0.32
3317,0.32
3318,0.32
3319,0.32
3320,0.32
3321,0.32
3322,0.32
3323,0.32
3324,0.32
3325,0.32
3326,0.32
3327,0.31
3328,0.31
3329,0.31
3330,0.31
3331,0.31
3332,0.31
3333,0.31
3334,0.31
3335,0.31
3336,0.31
3337,0.31
3338,0.31
3339,0.31
3340,0.31
3341,0.31
3342,0.31
3343,0.31
3344,0.31
3345,0.31
3346,0.31
3347,0.31
3348,0.31
3349,0.31
3350,0.31
3351,0.31
3352,0.31
3353,0.31
3354,0.31
3355,0.31
3356,0.31
3357,0.31
3358,0.31
3359,0.31
3360,0.31
3361,0.31
3362,0.31
3363,0.31
3364,0.3
3365,0.3
3366,0.3
3367,0.3
3368,0.3
3369,0.3
3370,0.3
3371,0.3
3372,0.3
3373,0.3
3374,0.3
3375,0.3
3376,0.3
3377,0.3
3378,0.3
3379,0.3
3380,0.3
3381,0.3
3382,0.3
3383,0.3
3384,0.3
3385,0.3
3386,0.3
3387,0.3
3388,0.3
3389,0.3
3390,0.3
3391,0.3
3392,0.3
3393,0.3
3394,0.3
3395,0.3
3396,0.3
3397,0.3
3398,0.3
3399,0.3
3400,0.3
3401,0.3
3402,0.29
3403,0.29
3404,0.29
3405,0.29
3406,0.29
3407,0.29
3408,0.29
3409,0.29
3410,0.29
3411,0.29
3412,0.29
3413,0.29
3414,0.29
3415,0.29
3416,0.29
3417,0.29
3418,0.29
3419,0.29
3420,0.29
3421,0.29
3422,0.29
3423,0.29
3424,0.29
3425,0.29
3426,0.29
3427,0.29
3428,0.29
3429,0.29
3430,0.29
3431,0.29
3432,0.29
3433,0.29
3434,0.29
3435,0.29
3436,0.29
3437,0.29
3438,0.29
3439,0.29
3440,0.29
3441,0.29
3442,0.28
3443,0.28
3444,0.28
3445,0.28
3446,0.28
3447,0.28
3448,0.28
3449,0.28
3450,0.28
3451,0.28
3452,0.28
3453,0.28
3454,0.28
3455,0.28
3456,0.28
3457,0.28
3458,0.28
3459,0.28
3460,0.28
3461,0.28
3462,0.28
3463,0.28
3464,0.28
3465,0.28
3466,0.28
3467,0.28
3468,0.28
3469,0.28
3470,0.28
3471,0.28
3472,0.28
3473,0.28
3474,0.28
3475,0.28
3476,0.28
3477,0.28
3478,0.28
3479,0.28
3480,0.28
3481,0.28
3482,0.28
3483,0.27
3484,0.27
3485,0.27
3486,0.27
3487,0.27
3488,0.27
3489,0.27
3490,0.27
3491,0.27
3492,0.27
3493,0.27
3494,0.27
3495,0.27
3496,0.27
3497,0.27
3498,0.27
3499,0.27
3500,0.27
3501,0.27
3502,0.27
3503,0.27
3504,0.27
3505,0.27
3506,0.27
3507,0.27
3508,0.27
3509,0.27
3510,0.27
3511,0.27
3512,0.27
3513,0.27
3514,0.27
3515,0.27
3516,0.27
3517,0.27
3518,0.27
3519,0.27
3520,0.27
3521,0.27
3522,0.27
3523,0.27
3524,0.27
3525,0.27
3526,0.26
3527,0.26
3528,0.26
3529,0.26
3530,0.26
3531,0.26
3532,0.26
3533,0.26
3534,0.26
3535,0.26
3536,0.26
3537,0.26
3538,0.26
3539,0.26
3540,0.26
3541,0.26
3542,0.26
3543,0.26
3544,0.26
3545,0.26
3546,0.26
3547,0.26
3548,0.26
3549,0.26
3550,0.26
3551,0.26
3552,0.26
3553,0.26
3554,0.26
3555,0.26
3556,0.26
3557,0.26
3558,0.26
3559,0.26
3560,0.26
3561,0.26
3562,0.26
3563,0.26
3564,0.26
3565,0.26
3566,0.26
3567,0.26
3568,0.26
3569,0.26
3570,0.26
3571,0.25
3572,0.25
3573,0.25
3574,0.25
3575,0.25
3576,0.25
3577,0.25
3578,0.25
3579,0.25
3580,0.25
3581,0.25
3582,0.25
3583,0.25
3584,0.25
3585,0.25
3586,0.25
3587,0.25
3588,0.25
3589,0.25
3590,0.25
3591,0.25
3592,0.25
3593,0.25
3594,0.25
3595,0.25
3596,0.25
3597,0.25
3598,0.25
3599,0.25
3600,0.25
3601,0.25
3602,0.25
3603,0.25
3604,0.25
3605,0.25
3606,0.25
3607,0.25
3608,0.25
3609,0.25
3610,0.25
3611,0.25
3612,0.25
3613,0.25
3614,0.25
3615,0.25
3616,0.25
3617,0.25
3618,0.24
3619,0.24
3620,0.24
3621,0.24
3622,0.24
3623,0.24
3624,0.24
3625,0.24
3626,0.24
3627,0.24
3628,0.24
3629,0.24
3630,0.24
3631,0.24
3632,0.24
3633,0.24
3634,0.24
3635,0.24
3636,0.24
3637,0.24
3638,0.24
3639,0.24
3640,0.24
3641,0.24
3642,0.24
3643,0.24
3644,0.24
3645,0.24
3646,0.24
3647,0.24
3648,0.24
3649,0.24
3650,0.24
3651,0.24
3652,0.24
3653,0.24
3654,0.24
3655,0.24
3656,0.24
3657,0.24
3658,0.24
3659,0.24
3660,0.24
3661,0.24
3662,0.24
3663,0.24
3664,0.24
3665,0.24
3666,0.24
3667,0.24
3668,0.23
3669,0.23
3670,0.23
3671,0.23
3672,0.23
3673,0.23
3674,0.23
3675,0.23
3676,0.23
3677,0.23
3678,0.23
3679,0.23
3680,0.23
3681,0.23
3682,0.23
3683,0.23
3684,0.23
3685,0.23
3686,0.23
3687,0.23
3688,0.23
3689,0.23
3690,0.23
3691,0.23
3692,0.23
3693,0.23
3694,0.23
3695,0.23
3696,0.23
3697,0.23
3698,0.23
3699,0.23
3700,0.23
3701,0.23
3702,0.23
3703,0.23
3704,0.23
3705,0.23
3706,0.23
3707,0.23
3708,0.23
3709,0.23
3710,0.23
3711,0.23
3712,0.23
3713,0.23
3714,0.23
3715,0.23
3716,0.23
3717,0.23
3718,0.23
3719,0.23
3720,0.23
3721,0.23
3722,0.22
3723,0.22
3724,0.22
3725,0.22
3726,0.22
3727,0.22
3728,0.22
3729,0.22
3730,0.22
3731,0.22
3732,0.22
3733,0.22
3734,0.22
3735,0.22
3736,0.22
3737,0.22
3738,0.22
3739,0.22
3740,0.22
3741,0.22
3742,0.22
3743,0.22
3744,0.22
3745,0.22
3746,0.22
3747,0.22
3748,0.22
3749,0.22
3750,0.22
3751,0.22
3752,0.22
3753,0.22
3754,0.22
3755,0.22
3756,0.22
3757,0.22
3758,0.22
3759,0.22
3760,0.22
3761,0.22
3762,0.22
3763,0.22
3764,0.22
3765,0.22
3766,0.22
3767,0.22
3768,0.22
3769,0.22
3770,0.22
3771,0.22
3772,0.22
3773,0.22
3774,0.22
3775,0.22
3776,0.22
3777,0.22
3778,0.22
3779,0.21
3780,0.21
3781,0.21
3782,0.21
3783,0.21
3784,0.21
3785,0.21
3786,0.21
3787,0.21
3788,0.21
3789,0.21
3790,0.21
3791,0.21
3792,0.21
3793,0.21
3794,0.21
3795,0.21
3796,0.21
3797,0.21
3798,0.21
3799,0.21
3800,0.21
3801,0.21
3802,0.21
3803,0.21
3804,0.21
3805,0.21
3806,0.21
3807,0.21
3808,0.21
3809,0.21
3810,0.21
3811,0.21
3812,0.21
3813,0.21
3814,0.21
3815,0.21
3816,0.21
3817,0.21
3818,0.21
3819,0.21
3820,0.21
3821,0.21
3822,0.21
3823,0.21
3824,0.21
3825,0.21
3826,0.21
3827,0.21
3828,0.21
3829,0.21
3830,0.21
3831,0.21
3832,0.21
3833,0.21
3834,0.21
3835,0.21
3836,0.21
3837,0.21
3838,0.21
3839,0.21
3840,0.21
3841,0.21
3842,0.2
3843,0.2
3844,0.2
3845,0.2
3846,0.2
3847,0.2
3848,0.2
3849,0.2
3850,0.2
3851,0.2
3852,0.2
3853,0.2
3854,0.2
3855,0.2
3856,0.2
3857,0.2
3858,0.2
3859,0.2
3860,0.2
3861,0.2
3862,0.2
3863,0.2
3864,0.2
3865,0.2
3866,0.2
3867,0.2
3868,0.2
3869,0.2
3870,0.2
3871,0.2
3872,0.2
3873,0.2
3874,0.2
3875,0.2
3876,0.2
3877,0.2
3878,0.2
3879,0.2
3880,0.2
3881,0.2
3882,0.2
3883,0.2
3884,0.2
3885,0.2
3886,0.2
3887,0.2
3888,0.2
3889,0.2
3890,0.2
3891,0.2
3892,0.2
3893,0.2
3894,0.2
3895,0.2
3896,0.2
3897,0.2
3898,0.2
3899,0.2
3900,0.2
3901,0.2
3902,0.2
3903,0.2
3904,0.2
3905,0.2
3906,0.2
3907,0.2
3908,0.2
3909,0.2
3910,0.2
3911,0.2
3912,0.19
3913,0.19
3914,0.19
3915,0.19
3916,0.19
3917,0.19
3918,0.19
3919,0.19
3920,0.19
3921,0.19
3922,0.19
3923,0.19
3924,0.19
3925,0.19
3926,0.19
3927,0.19
3928,0.19
3929,0.19
3930,0.19
3931,0.19
3932,0.19
3933,0.19
3934,0.19
3935,0.19
3936,0.19
3937,0.19
3938,0.19
3939,0.19
3940,0.19
3941,0.19
3942,0.19
3943,0.19
3944,0.19
3945,0.19
3946,0.19
3947,0.19
3948,0.19
3949,0.19
3950,0.19
3951,0.19
3952,0.19
3953,0.19
3954,0.19
3955,0.19
3956,0.19
3957,0.19
3958,0.19
3959,0.19
3960,0.19
3961,0.19
3962,0.19
3963,0.19
3964,0.19
3965,0.19
3966,0.19
3967,0.19
3968,0.19
3969,0.19
3970,0.19
3971,0.19
3972,0.19
3973,0.19
3974,0.19
3975,0.19
3976,0.19
3977,0.19
3978,0.19
3979,0.19
3980,0.19
3981,0.19
3982,0.19
3983,0.19
3984,0.19
3985,0.19
3986,0.19
3987,0.19
3988,0.19
3989,0.19
3990,0.19
3991,0.19
3992,0.19
3993,0.18
3994,0.18
3995,0.18
3996,0.18
3997,0.18
3998,0.18
3999,0.18
4000,0.18
4001,0.18
4002,0.18
4003,0.18
4004,0.18
4005,0.18
4006,0.18
4007,0.18
4008,0.18
4009,0.18
4010,0.18
4011,0.18
4012,0.18
4013,0.18
4014,0.18
4015,0.18
4016,0.18
4017,0.18
4018,0.18
4019,0.18
4020,0.18
4021,0.18
4022,0.18
4023,0.18
4024,0.18
4025,0.18
4026,0.18
4027,0.18
4028,0.18
4029,0.18
4030,0.18
4031,0.18
4032,0.18
4033,0.18
4034,0.18
4035,0.18
4036,0.18
4037,0.18
4038,0.18
4039,0.18
4040,0.18
4041,0.18
4042,0.18
4043,0.18
4044,0.18
4045,0.18
4046,0.18
4047,0.18
4048,0.18
4049,0.18
4050,0.18
4051,0.18
4052,0.18
4053,0.18
4054,0.18
4055,0.18
4056,0.18
4057,0.18
4058,0.18
4059,0.18
4060,0.18
4061,0.18
4062,0.18
4063,0.18
4064,0.18
4065,0.18
4066,0.18
4067,0.18
4068,0.18
4069,0.18
4070,0.18
4071,0.18
4072,0.18
4073,0.18
4074,0.18
4075,0.18
4076,0.18
4077,0.18
4078,0.18
4079,0.18
4080,0.18
4081,0.18
4082,0.18
4083,0.18
4084,0.18
4085,0.18
4086,0.18
4087,0.18
4088,0.18
4089,0.18
4090,0.18
4091,0.17
4092,0.17
4093,0.17
4094,0.17
4095,0.17
4096,0.17
4097,0.17
4098,0.17
4099,0.17
4100,0.17
4101,0.17
4102,0.17
4103,0.17
4104,0.17
4105,0.17
4106,0.17
4107,0.17
4108,0.17
4109,0.17
4110,0.17
4111,0.17
4112,0.17
4113,0.17
4114,0.17
4115,0.17
4116,0.17
4117,0.17
4118,0.17
4119,0.17
4120,0.17
4121,0.17
4122,0.17
4123,0.17
4124,0.17
4125,0.17
4126,0.17
4127,0.17
4128,0.17
4129,0.17
4130,0.17
4131,0.17
4132,0.17
4133,0.17
4134,0.17
4135,0.17
4136,0.17
4137,0.17
4138,0.17
4139,0.17
4140,0.17
4141,0.17
4142,0.17
4143,0.17
4144,0.17
4145,0.17
4146,0.17
4147,0.17
4148,0.17
4149,0.17
4150,0.17
4151,0.17
4152,0.17
4153,0.17
4154,0.17
4155,0.17
4156,0.17
4157,0.17
4158,0.17
4159,0.17
4160,0.17
4161,0.17
4162,0.17
4163,0.17
4164,0.17
4165,0.17
4166,0.17
4167,0.17
4168,0.17
4169,0.17
4170,0.17
4171,0.17
4172,0.17
4173,0.17
4174,0.17
4175,0.17
4176,0.17
4177,0.17
4178,0.17
4179,0.17
4180,0.17
4181,0.17
4182,0.17
4183,0.17
4184,0.17
4185,0.17
4186,0.17
4187,0.17
4188,0.17
4189,0.17
4190,0.17
4191,0.17
4192,0.17
4193,0.17
4194,0.17
4195,0.17
4196,0.17
4197,0.17
4198,0.17
4199,0.17
4200,0.17
4201,0.17
4202,0.17
4203,0.17
4204,0.17
4205,0.17
4206,0.17
4207,0.17
4208,0.17
4209,0.17
4210,0.17
4211,0.17
4212,0.17
4213,0.17
4214,0.17
4215,0.17
4216,0.17
4217,0.17
4218,0.17
4219,0.17
4220,0.17
4221,0.17
4222,0.17
4223,0.17
4224,0.17
4225,0.17
4226,0.17
4227,0.17
4228,0.17
4229,0.17
4230,0.17
4231,0.17
4232,0.16
4233,0.16
4234,0.16
4235,0.16
4236,0.16
4237,0.16
4238,0.16
4239,0.16
4240,0.16
4241,0.16
4242,0.16
4243,0.16
4244,0.16
4245,0.16
4246,0.16
4247,0.16
4248,0.16
4249,0.16
4250,0.16
4251,0.16
4252,0.16
4253,0.16
4254,0.16
4255,0.16
4256,0.16
4257,0.16
4258,0.16
4259,0.16
4260,0.16
4261,0.16
4262,0.16
4263,0.16
4264,0.16
4265,0.16
4266,0.16
4267,0.16
4268,0.16
4269,0.16
4270,0.16
4271,0.16
4272,0.16
4273,0.16
4274,0.16
4275,0.16
4276,0.16
4277,0.16
4278,0.16
4279,0.16
4280,0.16
4281,0.16
4282,0.16
4283,0.16
4284,0.16
4285,0.16
4286,0.16
4287,0.16
4288,0.16
4289,0.16
4290,0.16
4291,0.16
4292,0.16
4293,0.16
4294,0.16
4295,0.16
4296,0.16
4297,0.16
4298,0.16
4299,0.16
4300,0.16
4301,0.16
4302,0.16
4303,0.16
4304,0.16
4305,0.16
4306,0.16
4307,0.16
4308,0.16
4309,0.16
4310,0.16
4311,0.16
4312,0.16
4313,0.16
4314,0.16
4315,0.16
4316,0.16
4317,0.16
4318,0.16
4319,0.16
4320,0.16
4321,0.16
4322,0.16
4323,0.16
4324,0.16
4325,0.16
4326,0.16
4327,0.16
4328,0.16
4329,0.16
4330,0.16
4331,0.16
4332,0.16
4333,0.16
4334,0.16
4335,0.16
4336,0.16
4337,0.16
4338,0.16
4339,0.16
4340,0.16
4341,0.16
4342,0.16
4343,0.16
4344,0.16
4345,0.16
4346,0.16
4347,0.16
4348,0.16
4349,0.16
4350,0.16
4351,0.16
4352,0.16
4353,0.16
4354,0.16
4355,0.16
4356,0.16
4357,0.16
4358,0.16
4359,0.16
4360,0.16
4361,0.16
4362,0.16
4363,0.16
4364,0.16
4365,0.16
4366,0.16
4367,0.16
4368,0.16
4369,0.16
4370,0.16
4371,0.16
4372,0.16
4373,0.16
4374,0.16
4375,0.16
4376,0.16
4377,0.16
4378,0.16
4379,0.16
4380,0.16
4381,0.16
4382,0.16
4383,0.16
4384,0.16
4385,0.16
4386,0.16
4387,0.16
4388,0.16
4389,0.16
4390,0.16
4391,0.16
4392,0.16
4393,0.16
4394,0.16
4395,0.16
4396,0.16
4397,0.16
4398,0.16
4399,0.16
4400,0.16
4401,0.16
4402,0.16
4403,0.16
4404,0.16
4405,0.16
4406,0.16
4407,0.16
4408,0.16
4409,0.16
4410,0.16
4411,0.16
4412,0.16
4413,0.16
4414,0.16
4415,0.16
4416,0.16
4417,0.16
4418,0.16
4419,0.16
4420,0.16
4421,0.16
4422,0.16
4423,0.16
4424,0.16
4425,0.16
4426,0.16
4427,0.16
4428,0.16
4429,0.16
4430,0.16
4431,0.16
4432,0.16
4433,0.16
4434,0.16
4435,0.16
4436,0.16
4437,0.16
4438,0.16
4439,0.16
4440,0.16
4441,0.16
4442,0.16
4443,0.16
4444,0.16
4445,0.16
4446,0.16
4447,0.16
4448,0.16
4449,0.16
4450,0.16
4451,0.16
4452,0.16
4453,0.16
4454,0.16
4455,0.16
4456,0.16
4457,0.16
4458,0.16
4459,0.16
4460,0.16
4461,0.16
4462,0.16
4463,0.16
4464,0.16
4465,0.16
4466,0.16
4467,0.16
4468,0.16
4469,0.16
4470,0.16
4471,0.16
4472,0.16
4473,0.16
4474,0.16
4475,0.16
4476,0.16
4477,0.16
4478,0.16
4479,0.16
4480,0.16
4481,0.16
4482,0.16
4483,0.16
4484,0.16
4485,0.16
4486,0.16
4487,0.16
4488,0.16
4489,0.16
4490,0.16
4491,0.16
4492,0.16
4493,0.16
4494,0.16
4495,0.16
4496,0.16
4497,0.16
4498,0.16
4499,0.16
4500,0.16
4501,0.16
4502,0.16
4503,0.16
4504,0.16
4505,0.16
4506,0.16
4507,0.16
4508,0.16
4509,0.16
4510,0.16
4511,0.16
4512,0.16
4513,0.16
4514,0.16
4515,0.16
4516,0.16
4517,0.16
4518,0.16
4519,0.16
4520,0.16
4521,0.16
4522,0.16
4523,0.16
4524,0.16
4525,0.16
4526,0.16
4527,0.16
4528,0.16
4529,0.16
4530,0.16
4531,0.16
4532,0.16
4533,0.16
4534,0.16
4535,0.16
4536,0.16
4537,0.16
4538,0.16
4539,0.16
4540,0.16
4541,0.16
4542,0.16
4543,0.16
4544,0.16
4545,0.16
4546,0.16
4547,0.16
4548,0.16
4549,0.16
4550,0.16
4551,0.16
4552,0.16
4553,0.16
4554,0.16
4555,0.16
4556,0.16
4557,0.16
4558,0.16
4559,0.16
4560,0.16
4561,0.16
4562,0.16
4563,0.16
4564,0.16
4565,0.16
4566,0.16
4567,0.16
4568,0.16
4569,0.16
4570,0.16
4571,0.16
4572,0.16
4573,0.16
4574,0.16
4575,0.16
4576,0.16
4577,0.16
4578,0.16
4579,0.16
4580,0.16
4581,0.16
4582,0.16
4583,0.16
4584,0.16
4585,0.16
4586,0.16
4587,0.16
4588,0.16
4589,0.16
4590,0.16
4591,0.16
4592,0.16
4593,0.16
4594,0.16
4595,0.16
4596,0.16
4597,0.16
4598,0.16
4599,0.16
4600,0.16
4601,0.16
4602,0.16
4603,0.16
4604,0.16
4605,0.16
4606,0.16
4607,0.16
4608,0.16
4609,0.16
4610,0.16
4611,0.16
4612,0.16
4613,0.16
4614,0.16
4615,0.16
4616,0.16
4617,0.16
4618,0.16
4619,0.16
4620,0.16
4621,0.16
4622,0.16
4623,0.16
4624,0.16
4625,0.16
4626,0.16
4627,0.16
4628,0.16
4629,0.16
4630,0.16
4631,0.16
4632,0.16
4633,0.16
4634,0.16
4635,0.16
4636,0.16
4637,0.16
4638,0.16
4639,0.16
4640,0.16
4641,0.16
4642,0.16
4643,0.16
4644,0.16
4645,0.16
4646,0.16
4647,0.16
4648,0.16
4649,0.16
4650,0.16
4651,0.16
4652,0.16
4653,0.16
4654,0.16
4655,0.16
4656,0.16
4657,0.16
4658,0.16
4659,0.16
4660,0.16
4661,0.16
4662,0.16
4663,0.16
4664,0.16
4665,0.16
4666,0.16
4667,0.16
4668,0.16
4669,0.16
4670,0.16
4671,0.16
4672,0.16
4673,0.16
4674,0.16
4675,0.16
4676,0.16
4677,0.16
4678,0.16
4679,0.16
4680,0.16
4681,0.16
4682,0.16
4683,0.16
4684,0.16
4685,0.16
4686,0.16
4687,0.16
4688,0.16
4689,0.16
4690,0.16
4691,0.16
4692,0.16
4693,0.16
4694,0.16
4695,0.16
4696,0.16
4697,0.16
4698,0.16
4699,0.16
4700,0.16
4701,0.16
4702,0.16
4703,0.16
4704,0.16
4705,0.16
4706,0.16
4707,0.16
4708,0.16
4709,0.16
4710,0.16
4711,0.16
4712,0.16
4713,0.16
4714,0.16
4715,0.16
4716,0.16
4717,0.16
4718,0.16
4719,0.16
4720,0.16
4721,0.16
4722,0.16
4723,0.16
4724,0.16
4725,0.16
4726,0.16
4727,0.16
4728,0.16
4729,0.16
4730,0.16
4731,0.16
4732,0.16
4733,0.16
4734,0.16
4735,0.16
4736,0.16
4737,0.16
4738,0.16
4739,0.16
4740,0.16
4741,0.16
4742,0.16
4743,0.16
4744,0.16
4745,0.16
4746,0.16
4747,0.16
4748,0.16
4749,0.16
4750,0.16
4751,0.16
4752,0.16
4753,0.16
4754,0.16
4755,0.16
4756,0.16
4757,0.16
4758,0.16
4759,0.16
4760,0.16
4761,0.16
4762,0.16
4763,0.16
4764,0.16
4765,0.16
4766,0.16
4767,0.16
4768,0.16
4769,0.16
4770,0.16
4771,0.16
4772,0.16
4773,0.16
4774,0.16
4775,0.16
4776,0.16
4777,0.16
4778,0.16
4779,0.16
4780,0.16
4781,0.16
4782,0.16
4783,0.16
4784,0.16
4785,0.16
4786,0.16
4787,0.16
4788,0.16
4789,0.16
4790,0.16
4791,0.16
4792,0.16
4793,0.16
4794,0.16
4795,0.16
4796,0.16
4797,0.16
4798,0.16
4799,0.16
4800,0.16
4801,0.16
4802,0.16
4803,0.16
4804,0.16
4805,0.16
4806,0.16
4807,0.16
4808,0.16
4809,0.16
4810,0.16
4811,0.16
4812,0.16
4813,0.16
4814,0.16
4815,0.16
4816,0.16
4817,0.16
4818,0.16
4819,0.16
4820,0.16
4821,0.16
4822,0.16
4823,0.16
4824,0.16
4825,0.16
4826,0.16
4827,0.16
4828,0.16
4829,0.16
4830,0.16
4831,0.16
4832,0.16
4833,0.16
4834,0.16
4835,0.16
4836,0.16
4837,0.16
4838,0.16
4839,0.16
4840,0.16
4841,0.16
4842,0.16
4843,0.16
4844,0.16
4845,0.16
4846,0.16
4847,0.16
4848,0.16
4849,0.16
4850,0.16
4851,0.16
4852,0.16
4853,0.16
4854,0.16
4855,0.16
4856,0.16
4857,0.16
4858,0.16
4859,0.16
4860,0.16
4861,0.16
4862,0.16
4863,0.16
4864,0.16
4865,0.16
4866,0.16
4867,0.16
4868,0.16
4869,0.16
4870,0.16
4871,0.16
4872,0.16
4873,0.16
4874,0.16
4875,0.16
4876,0.16
4877,0.16
4878,0.16
4879,0.16
4880,0.16
4881,0.16
4882,0.16
4883,0.16
4884,0.16
4885,0.16
4886,0.16
4887,0.16
4888,0.16
4889,0.16
4890,0.16
4891,0.16
4892,0.16
4893,0.16
4894,0.16
4895,0.16
4896,0.16
4897,0.16
4898,0.16
4899,0.16
4900,0.16
4901,0.16
4902,0.16
4903,0.16
4904,0.16
4905,0.16
4906,0.16
4907,0.16
4908,0.16
4909,0.16
4910,0.16
4911,0.16
4912,0.16
4913,0.16
4914,0.16
4915,0.16
4916,0.16
4917,0.16
4918,0.16
4919,0.16
4920,0.16
4921,0.16
4922,0.16
4923,0.16
4924,0.16
4925,0.16
4926,0.16
4927,0.16
4928,0.16
4929,0.16
4930,0.16
4931,0.16
4932,0.16
4933,0.16
4934,0.16
4935,0.16
4936,0.16
4937,0.16
4938,0.16
4939,0.16
4940,0.16
4941,0.16
4942,0.16
4943,0.16
4944,0.16
4945,0.16
4946,0.16
4947,0.16
4948,0.16
4949,0.16
4950,0.16
4951,0.16
4952,0.16
4953,0.16
4954,0.16
4955,0.16
4956,0.16
4957,0.16
4958,0.16
4959,0.16
4960,0.16
4961,0.16
4962,0.16
4963,0.16
4964,0.16
4965,0.16
4966,0.16
4967,0.16
4968,0.16
4969,0.16
4970,0.16
4971,0.16
4972,0.16
4973,0.16
4974,0.16
4975,0.16
4976,0.16
4977,0.16
4978,0.16
4979,0.16
4980,0.16
4981,0.16
4982,0.16
4983,0.16
4984,0.16
4985,0.16
4986,0.16
4987,0.16
4988,0.16
4989,0.16
4990,0.16
4991,0.16
4992,0.16
4993,0.16
4994,0.16
4995,0.16
4996,0.16
4997,0.16
4998,0.16
4999,0.16
5000,0.16
5001,0.16
5002,0.16
5003,0.16
5004,0.16
5005,0.16
5006,0.16
5007,0.16
5008,0.16
5009,0.16
5010,0.16
5011,0.16
5012,0.16
5013,0.16
5014,0.16
5015,0.16
5016,0.16
5017,0.16
5018,0.16
5019,0.16
5020,0.16
5021,0.16
5022,0.16
5023,0.16
5024,0.16
5025,0.16
5026,0.16
5027,0.16
5028,0.16
5029,0.16
5030,0.16
5031,0.16
5032,0.16
5033,0.16
5034,0.16
5035,0.16
5036,0.16
5037,0.16
5038,0.16
5039,0.16
5040,0.16
5041,0.16
5042,0.16
5043,0.16
5044,0.16
5045,0.16
5046,0.16
5047,0.16
5048,0.16
5049,0.16
5050,0.16
5051,0.16
5052,0.16
5053,0.16
5054,0.16
5055,0.16
5056,0.16
5057,0.16
5058,0.16
5059,0.16
5060,0.16
5061,0.16
5062,0.16
5063,0.16
5064,0.16
5065,0.16
5066,0.16
5067,0.16
5068,0.16
5069,0.16
5070,0.16
5071,0.16
5072,0.16
5073,0.16
5074,0.16
5075,0.16
5076,0.16
5077,0.16
5078,0.16
5079,0.16
5080,0.16
5081,0.16
5082,0.16
5083,0.16
5084,0.16
5085,0.16
5086,0.16
5087,0.16
5088,0.16
5089,0.16
5090,0.16
5091,0.16
5092,0.16
5093,0.16
5094,0.16
5095,0.16
5096,0.16
5097,0.16
5098,0.16
5099,0.16
5100,0.16
5101,0.16
5102,0.16
5103,0.16
5104,0.16
5105,0.16
5106,0.16
5107,0.16
5108,0.16
5109,0.16
5110,0.16
5111,0.16
5112,0.16
5113,0.16
5114,0.16
5115,0.16
5116,0.16
5117,0.16
5118,0.16
5119,0.16
5120,0.16
5121,0.16
5122,0.16
5123,0.16
5124,0.16
5125,0.16
5126,0.16
5127,0.16
5128,0.16
5129,0.16
5130,0.16
5131,0.16
5132,0.16
5133,0.16
5134,0.16
5135,0.16
5136,0.16
5137,0.16
5138,0.16
5139,0.16
5140,0.16
5141,0.16
5142,0.16
5143,0.16
5144,0.16
5145,0.16
5146,0.16
5147,0.16
5148,0.16
5149,0.16
5150,0.16
5151,0.16
5152,0.16
5153,0.16
5154,0.16
5155,0.16
5156,0.16
5157,0.16
5158,0.16
5159,0.16
5160,0.16
5161,0.16
5162,0.16
5163,0.16
5164,0.16
5165,0.16
5166,0.16
5167,0.16
5168,0.16
5169,0.16
5170,0.16
5171,0.16
5172,0.16
5173,0.16
5174,0.16
5175,0.16
5176,0.16
5177,0.16
5178,0.16
5179,0.16
5180,0.16
5181,0.16
5182,0.16
5183,0.16
5184,0.16
5185,0.16
5186,0.16
5187,0.16
5188,0.16
5189,0.16
5190,0.16
5191,0.16
5192,0.16
5193,0.16
5194,0.16
5195,0.16
5196,0.16
5197,0.16
5198,0.16
5199,0.16
5200,0.16
5201,0.16
5202,0.16
5203,0.16
5204,0.16
5205,0.16
5206,0.16
5207,0.16
5208,0.16
5209,0.16
5210,0.16
5211,0.16
5212,0.16
5213,0.16
5214,0.16
5215,0.16
5216,0.16
5217,0.16
5218,0.16
5219,0.16
5220,0.16
5221,0.16
5222,0.16
5223,0.16
5224,0.16
5225,0.16
5226,0.16
5227,0.16
5228,0.16
5229,0.16
5230,0.16
5231,0.16
5232,0.16
5233,0.15
5234,0.15
5235,0.15
5236,0.15
5237,0.15
5238,0.15
5239,0.15
5240,0.15
5241,0.15
5242,0.15
5243,0.15
5244,0.15
5245,0.15
5246,0.15
5247,0.15
5248,0.15
5249,0.15
5250,0.15
5251,0.15
5252,0.15
5253,0.15
5254,0.15
5255,0.15
5256,0.15
5257,0.15
5258,0.15
5259,0.15
5260,0.15
5261,0.15
5262,0.15
5263,0.15
5264,0.15
5265,0.15
5266,0.15
5267,0.15
5268,0.15
5269,0.15
5270,0.15
5271,0.15
5272,0.15
5273,0.15
5274,0.15
5275,0.15
5276,0.15
5277,0.15
5278,0.15
5279,0.15
5280,0.15
5281,0.15
5282,0.15
5283,0.15
5284,0.15
5285,0.15
5286,0.15
5287,0.15
5288,0.15
5289,0.15
5290,0.15
5291,0.15
5292,0.15
5293,0.15
5294,0.15
5295,0.15
5296,0.15
5297,0.15
5298,0.15
5299,0.15
5300,0.15
5301,0.15
5302,0.15
5303,0.15
5304,0.15
5305,0.15
5306,0.15
5307,0.15
5308,0.15
5309,0.15
5310,0.15
5311,0.15
5312,0.15
5313,0.15
5314,0.15
5315,0.15
5316,0.15
5317,0.15
5318,0.15
5319,0.15
5320,0.15
5321,0.15
5322,0.15
5323,0.15
5324,0.15
5325,0.15
5326,0.15
5327,0.15
5328,0.15
5329,0.15
5330,0.15
5331,0.15
5332,0.15
5333,0.15
5334,0.15
5335,0.15
5336,0.15
5337,0.15
5338,0.15
5339,0.15
5340,0.15
5341,0.15
5342,0.15
5343,0.15
5344,0.15
5345,0.15
5346,0.15
5347,0.15
5348,0.15
5349,0.15
5350,0.15
5351,0.15
5352,0.15
5353,0.15
5354,0.15
5355,0.15
5356,0.15
5357,0.15
5358,0.15
5359,0.15
5360,0.15
5361,0.15
5362,0.15
5363,0.15
5364,0.15
5365,0.15
5366,0.15
5367,0.15
5368,0.15
5369,0.15
5370,0.15
5371,0.15
5372,0.15
5373,0.15
5374,0.15
5375,0.15
5376,0.15
5377,0.15
5378,0.15
5379,0.15
5380,0.15
5381,0.15
5382,0.15
5383,0.15
5384,0.15
5385,0.15
5386,0.15
5387,0.15
5388,0.15
5389,0.15
5390,0.15
5391,0.15
5392,0.15
5393,0.15
5394,0.15
5395,0.15
5396,0.15
5397,0.15
5398,0.15
5399,0.15
5400,0.15
5401,0.15
5402,0.15
5403,0.15
5404,0.15
5405,0.15
5406,0.15
5407,0.15
5408,0.15
5409,0.15
5410,0.15
5411,0.15
5412,0.15
5413,0.15
5414,0.15
5415,0.15
5416,0.15
5417,0.15
5418,0.15
5419,0.15
5420,0.15
5421,0.15
5422,0.15
5423,0.15
5424,0.15
5425,0.15
5426,0.15
5427,0.15
5428,0.15
5429,0.14
5430,0.14
5431,0.14
5432,0.14
5433,0.14
5434,0.14
5435,0.14
5436,0.14
5437,0.14
5438,0.14
5439,0.14
5440,0.14
5441,0.14
5442,0.14
5443,0.14
5444,0.14
5445,0.14
5446,0.14
5447,0.14
5448,0.14
5449,0.14
5450,0.14
5451,0.14
5452,0.14
5453,0.14
5454,0.14
5455,0.14
5456,0.14
5457,0.14
5458,0.14
5459,0.14
5460,0.14
5461,0.14
5462,0.14
5463,0.14
5464,0.14
5465,0.14
5466,0.14
5467,0.14
5468,0.14
5469,0.14
5470,0.14
5471,0.14
5472,0.14
5473,0.14
5474,0.14
5475,0.14
5476,0.14
5477,0.14
5478,0.14
5479,0.14
5480,0.14
5481,0.14
5482,0.14
5483,0.14
5484,0.14
5485,0.14
5486,0.14
5487,0.14
5488,0.14
5489,0.14
5490,0.14
5491,0.14
5492,0.14
5493,0.14
5494,0.14
5495,0.14
5496,0.14
5497,0.14
5498,0.14
5499,0.14
5500,0.14
5501,0.14
5502,0.14
5503,0.14
5504,0.14
5505,0.14
5506,0.14
5507,0.14
5508,0.14
5509,0.14
5510,0.14
5511,0.14
5512,0.14
5513,0.14
5514,0.14
5515,0.14
5516,0.14
5517,0.14
5518,0.14
5519,0.14
5520,0.14
5521,0.14
5522,0.14
5523,0.14
5524,0.14
5525,0.14
5526,0.14
5527,0.14
5528,0.14
5529,0.14
5530,0.14
5531,0.14
5532,0.14
5533,0.14
5534,0.14
5535,0.14
5536,0.14
5537,0.14
5538,0.14
5539,0.14
5540,0.14
5541,0.14
5542,0.14
5543,0.14
5544,0.14
5545,0.14
5546,0.14
5547,0.14
5548,0.14
5549,0.14
5550,0.14
5551,0.14
5552,0.14
5553,0.14
5554,0.14
5555,0.14
5556,0.14
5557,0.14
5558,0.14
5559,0.14
5560,0.14
5561,0.14
5562,0.14
5563,0.14
5564,0.14
5565,0.14
5566,0.14
5567,0.14
5568,0.14
5569,0.14
5570,0.14
5571,0.14
5572,0.14
5573,0.14
5574,0.14
5575,0.14
5576,0.14
5577,0.14
5578,0.14
5579,0.14
5580,0.14
5581,0.14
5582,0.14
5583,0.14
5584,0.14
5585,0.14
5586,0.14
5587,0.14
5588,0.14
5589,0.14
5590,0.14
5591,0.14
5592,0.14
5593,0.14
5594,0.14
5595,0.14
5596,0.14
5597,0.14
5598,0.14
5599,0.14
5600,0.14
5601,0.14
5602,0.14
5603,0.14
5604,0.14
5605,0.14
5606,0.14
5607,0.14
5608,0.14
5609,0.14
5610,0.14
5611,0.14
5612,0.14
5613,0.14
5614,0.14
5615,0.14
5616,0.14
5617,0.14
5618,0.14
5619,0.14
5620,0.14
5621,0.14
5622,0.14
5623,0.14
5624,0.14
5625,0.14
5626,0.14
5627,0.14
5628,0.14
5629,0.14
5630,0.14
5631,0.14
5632,0.14
5633,0.14
5634,0.14
5635,0.14
5636,0.14
5637,0.14
5638,0.14
5639,0.14
5640,0.14
5641,0.14
5642,0.14
5643,0.14
5644,0.14
5645,0.14
5646,0.14
5647,0.14
5648,0.14
5649,0.14
5650,0.14
5651,0.14
5652,0.14
5653,0.14
5654,0.14
5655,0.14
5656,0.14
5657,0.14
5658,0.14
5659,0.14
5660,0.14
5661,0.14
5662,0.14
5663,0.14
5664,0.14
5665,0.14
5666,0.14
5667,0.14
5668,0.14
5669,0.14
5670,0.14
5671,0.14
5672,0.14
5673,0.14
5674,0.14
5675,0.14
5676,0.14
5677,0.14
5678,0.14
5679,0.14
5680,0.14
5681,0.14
5682,0.14
5683,0.14
5684,0.14
5685,0.14
5686,0.14
5687,0.14
5688,0.14
5689,0.14
5690,0.14
5691,0.14
5692,0.14
5693,0.14
5694,0.14
5695,0.14
5696,0.14
5697,0.14
5698,0.14
5699,0.14
5700,0.15
5701,0.15
5702,0.15
5703,0.15
5704,0.15
5705,0.15
5706,0.15
5707,0.15
5708,0.15
5709,0.15
5710,0.15
5711,0.15
5712,0.15
5713,0.15
5714,0.15
5715,0.15
5716,0.15
5717,0.15
5718,0.15
5719,0.15
5720,0.15
5721,0.15
5722,0.15
5723,0.15
5724,0.15
5725,0.15
5726,0.15
5727,0.15
5728,0.15
5729,0.15
5730,0.15
5731,0.15
5732,0.15
5733,0.15
5734,0.15
5735,0.15
5736,0.15
5737,0.15
5738,0.15
5739,0.15
5740,0.15
5741,0.15
5742,0.15
5743,0.15
5744,0.15
5745,0.15
5746,0.15
5747,0.15
5748,0.15
5749,0.15
5750,0.15
5751,0.15
5752,0.15
5753,0.15
5754,0.15
5755,0.15
5756,0.15
5757,0.15
5758,0.15
5759,0.15
5760,0.15
5761,0.15
5762,0.15
5763,0.15
5764,0.15
5765,0.15
5766,0.15
5767,0.15
5768,0.15
5769,0.15
5770,0.15
5771,0.15
5772,0.15
5773,0.15
5774,0.15
5775,0.15
5776,0.15
5777,0.15
5778,0.15
5779,0.15
5780,0.15
5781,0.15
5782,0.15
5783,0.15
5784,0.15
5785,0.15
5786,0.15
5787,0.15
5788,0.15
5789,0.15
5790,0.15
5791,0.15
5792,0.15
5793,0.15
5794,0.15
5795,0.15
5796,0.15
5797,0.15
5798,0.15
5799,0.15
5800,0.15
5801,0.15
5802,0.15
5803,0.15
5804,0.15
5805,0.15
5806,0.15
5807,0.15
5808,0.15
5809,0.15
5810,0.15
5811,0.15
5812,0.15
5813,0.15
5814,0.16
5815,0.16
5816,0.16
5817,0.16
5818,0.16
5819,0.16
5820,0.16
5821,0.16
5822,0.16
5823,0.16
5824,0.16
5825,0.16
5826,0.16
5827,0.16
5828,0.16
5829,0.16
5830,0.16
5831,0.16
5832,0.16
5833,0.16
5834,0.16
5835,0.16
5836,0.16
5837,0.16
5838,0.16
5839,0.16
5840,0.16
5841,0.16
5842,0.16
5843,0.16
5844,0.16
5845,0.16
5846,0.16
5847,0.16
5848,0.16
5849,0.16
5850,0.16
5851,0.16
5852,0.16
5853,0.16
5854,0.16
5855,0.16
5856,0.16
5857,0.16
5858,0.16
5859,0.16
5860,0.16
5861,0.16
5862,0.16
5863,0.16
5864,0.16
5865,0.16
5866,0.16
5867,0.16
5868,0.16
5869,0.16
5870,0.16
5871,0.16
5872,0.16
5873,0.16
5874,0.16
5875,0.16
5876,0.16
5877,0.16
5878,0.16
5879,0.16
5880,0.16
5881,0.16
5882,0.16
5883,0.16
5884,0.17
5885,0.17
5886,0.17
5887,0.17
5888,0.17
5889,0.17
5890,0.17
5891,0.17
5892,0.17
5893,0.17
5894,0.17
5895,0.17
5896,0.17
5897,0.17
5898,0.17
5899,0.17
5900,0.17
5901,0.17
5902,0.17
5903,0.17
5904,0.17
5905,0.17
5906,0.17
5907,0.17
5908,0.17
5909,0.17
5910,0.17
5911,0.17
5912,0.17
5913,0.17
5914,0.17
5915,0.17
5916,0.17
5917,0.17
5918,0.17
5919,0.17
5920,0.17
5921,0.17
5922,0.17
5923,0.17
5924,0.17
5925,0.17
5926,0.17
5927,0.17
5928,0.17
5929,0.17
5930,0.17
5931,0.17
5932,0.17
5933,0.17
5934,0.17
5935,0.17
5936,0.17
5937,0.17
5938,0.17
5939,0.17
5940,0.18
5941,0.18
5942,0.18
5943,0.18
5944,0.18
5945,0.18
5946,0.18
5947,0.18
5948,0.18
5949,0.18
5950,0.18
5951,0.18
5952,0.18
5953,0.18
5954,0.18
5955,0.18
5956,0.18
5957,0.18
5958,0.18
5959,0.18
5960,0.18
5961,0.18
5962,0.18
5963,0.18
5964,0.18
5965,0.18
5966,0.18
5967,0.18
5968,0.18
5969,0.18
5970,0.18
5971,0.18
5972,0.18
5973,0.18
5974,0.18
5975,0.18
5976,0.18
5977,0.18
5978,0.18
5979,0.18
5980,0.18
5981,0.18
5982,0.18
5983,0.18
5984,0.18
5985,0.18
5986,0.18
5987,0.18
5988,0.18
5989,0.19
5990,0.19
5991,0.19
5992,0.19
5993,0.19
5994,0.19
5995,0.19
5996,0.19
5997,0.19
5998,0.19
5999,0.19
6000,0.19
6001,0.19
6002,0.19
6003,0.19
6004,0.19
6005,0.19
6006,0.19
6007,0.19
6008,0.19
6009,0.19
6010,0.19
6011,0.19
6012,0.19
6013,0.19
6014,0.19
6015,0.19
6016,0.19
6017,0.19
6018,0.19
6019,0.19
6020,0.19
6021,0.19
6022,0.19
6023,0.19
6024,0.19
6025,0.19
6026,0.19
6027,0.19
6028,0.19
6029,0.19
6030,0.19
6031,0.19
6032,0.19
6033,0.19
6034,0.19
6035,0.2
6036,0.2
6037,0.2
6038,0.2
6039,0.2
6040,0.2
6041,0.2
6042,0.2
6043,0.2
6044,0.2
6045,0.2
6046,0.2
6047,0.2
6048,0.2
6049,0.2
6050,0.2
6051,0.2
6052,0.2
6053,0.2
6054,0.2
6055,0.2
6056,0.2
6057,0.2
6058,0.2
6059,0.2
6060,0.2
6061,0.2
6062,0.2
6063,0.2
6064,0.2
6065,0.2
6066,0.2
6067,0.2
6068,0.2
6069,0.2
6070,0.2
6071,0.2
6072,0.2
6073,0.2
6074,0.2
6075,0.2
6076,0.2
6077,0.21
6078,0.21
6079,0.21
6080,0.21
6081,0.21
6082,0.21
6083,0.21
6084,0.21
6085,0.21
6086,0.21
6087,0.21
6088,0.21
6089,0.21
6090,0.21
6091,0.21
6092,0.21
6093,0.21
6094,0.21
6095,0.21
6096,0.21
6097,0.21
6098,0.21
6099,0.21
6100,0.21
6101,0.21
6102,0.21
6103,0.21
6104,0.21
6105,0.21
6106,0.21
6107,0.21
6108,0.21
6109,0.21
6110,0.21
6111,0.21
6112,0.21
6113,0.21
6114,0.21
6115,0.21
6116,0.21
6117,0.22
6118,0.22
6119,0.22
6120,0.22
6121,0.22
6122,0.22
6123,0.22
6124,0.22
6125,0.22
6126,0.22
6127,0.22
6128,0.22
6129,0.22
6130,0.22
6131,0.22
6132,0.22
6133,0.22
6134,0.22
6135,0.22
6136,0.22
6137,0.22
6138,0.22
6139,0.22
6140,0.22
6141,0.22
6142,0.22
6143,0.22
6144,0.22
6145,0.22
6146,0.22
6147,0.22
6148,0.22
6149,0.22
6150,0.22
6151,0.22
6152,0.22
6153,0.22
6154,0.22
6155,0.22
6156,0.23
6157,0.23
6158,0.23
6159,0.23
6160,0.23
6161,0.23
6162,0.23
6163,0.23
6164,0.23
6165,0.23
6166,0.23
6167,0.23
6168,0.23
6169,0.23
6170,0.23
6171,0.23
6172,0.23
6173,0.23
6174,0.23
6175,0.23
6176,0.23
6177,0.23
6178,0.23
6179,0.23
6180,0.23
6181,0.23
6182,0.23
6183,0.23
6184,0.23
6185,0.23
6186,0.23
6187,0.23
6188,0.23
6189,0.23
6190,0.23
6191,0.23
6192,0.23
6193,0.23
6194,0.24
6195,0.24
6196,0.24
6197,0.24
6198,0.24
6199,0.24
6200,0.24
6201,0.24
6202,0.24
6203,0.24
6204,0.24
6205,0.24
6206,0.24
6207,0.24
6208,0.24
6209,0.24
6210,0.24
6211,0.24
6212,0.24
6213,0.24
6214,0.24
6215,0.24
6216,0.24
6217,0.24
6218,0.24
6219,0.24
6220,0.24
6221,0.24
6222,0.24
6223,0.24
6224,0.24
6225,0.24
6226,0.24
6227,0.24
6228,0.24
6229,0.24
6230,0.24
6231,0.24
6232,0.25
6233,0.25
6234,0.25
6235,0.25
6236,0.25
6237,0.25
6238,0.25
6239,0.25
6240,0.25
6241,0.25
6242,0.25
6243,0.25
6244,0.25
6245,0.25
6246,0.25
6247,0.25
6248,0.25
6249,0.25
6250,0.25
6251,0.25
6252,0.25
6253,0.25
6254,0.25
6255,0.25
6256,0.25
6257,0.25
6258,0.25
6259,0.25
6260,0.25
6261,0.25
6262,0.25
6263,0.25
6264,0.25
6265,0.25
6266,0.25
6267,0.25
6268,0.25
6269,0.26
6270,0.26
6271,0.26
6272,0.26
6273,0.26
6274,0.26
6275,0.26
6276,0.26
6277,0.26
6278,0.26
6279,0.26
6280,0.26
6281,0.26
6282,0.26
6283,0.26
6284,0.26
6285,0.26
6286,0.26
6287,0.26
6288,0.26
6289,0.26
6290,0.26
6291,0.26
6292,0.26
6293,0.26
6294,0.26
6295,0.26
6296,0.26
6297,0.26
6298,0.26
6299,0.26
6300,0.26
6301,0.26
6302,0.26
6303,0.26
6304,0.26
6305,0.26
6306,0.27
6307,0.27
6308,0.27
6309,0.27
6310,0.27
6311,0.27
6312,0.27
6313,0.27
6314,0.27
6315,0.27
6316,0.27
6317,0.27
6318,0.27
6319,0.27
6320,0.27
6321,0.27
6322,0.27
6323,0.27
6324,0.27
6325,0.27
6326,0.27
6327,0.27
6328,0.27
6329,0.27
6330,0.27
6331,0.27
6332,0.27
6333,0.27
6334,0.27
6335,0.27
6336,0.27
6337,0.27
6338,0.27
6339,0.27
6340,0.27
6341,0.27
6342,0.27
6343,0.27
6344,0.28
6345,0.28
6346,0.28
6347,0.28
6348,0.28
6349,0.28
6350,0.28
6351,0.28
6352,0.28
6353,0.28
6354,0.28
6355,0.28
6356,0.28
6357,0.28
6358,0.28
6359,0.28
6360,0.28
6361,0.28
6362,0.28
6363,0.28
6364,0.28
6365,0.28
6366,0.28
6367,0.28
6368,0.28
6369,0.28
6370,0.28
6371,0.28
6372,0.28
6373,0.28
6374,0.28
6375,0.28
6376,0.28
6377,0.28
6378,0.28
6379,0.28
6380,0.28
6381,0.28
6382,0.29
6383,0.29
6384,0.29
6385,0.29
6386,0.29
6387,0.29
6388,0.29
6389,0.29
6390,0.29
6391,0.29
6392,0.29
6393,0.29
6394,0.29
6395,0.29
6396,0.29
6397,0.29
6398,0.29
6399,0.29
6400,0.29
6401,0.29
6402,0.29
6403,0.29
6404,0.29
6405,0.29
6406,0.29
6407,0.29
6408,0.29
6409,0.29
6410,0.29
6411,0.29
6412,0.29
6413,0.29
6414,0.29
6415,0.29
6416,0.29
6417,0.29
6418,0.29
6419,0.29
6420,0.29
6421,0.3
6422,0.3
6423,0.3
6424,0.3
6425,0.3
6426,0.3
6427,0.3
6428,0.3
6429,0.3
6430,0.3
6431,0.3
6432,0.3
6433,0.3
6434,0.3
6435,0.3
6436,0.3
6437,0.3
6438,0.3
6439,0.3
6440,0.3
6441,0.3
6442,0.3
6443,0.3
6444,0.3
6445,0.3
6446,0.3
6447,0.3
6448,0.3
6449,0.3
6450,0.3
6451,0.3
6452,0.3
6453,0.3
6454,0.3
6455,0.3
6456,0.3
6457,0.3
6458,0.3
6459,0.3
6460,0.3
6461,0.31
6462,0.31
6463,0.31
6464,0.31
6465,0.31
6466,0.31
6467,0.31
6468,0.31
6469,0.31
6470,0.31
6471,0.31
6472,0.31
6473,0.31
6474,0.31
6475,0.31
6476,0.31
6477,0.31
6478,0.31
6479,0.31
6480,0.31
6481,0.31
6482,0.31
6483,0.31
6484,0.31
6485,0.31
6486,0.31
6487,0.31
6488,0.31
6489,0.31
6490,0.31
6491,0.31
6492,0.31
6493,0.31
6494,0.31
6495,0.31
6496,0.31
6497,0.31
6498,0.31
6499,0.31
6500,0.31
6501,0.31
6502,0.31
6503,0.32
6504,0.32
6505,0.32
6506,0.32
6507,0.32
6508,0.32
6509,0.32
6510,0.32
6511,0.32
6512,0.32
6513,0.32
6514,0.32
6515,0.32
6516,0.32
6517,0.32
6518,0.32
6519,0.32
6520,0.32
6521,0.32
6522,0.32
6523,0.32
6524,0.32
6525,0.32
6526,0.32
6527,0.32
6528,0.32
6529,0.32
6530,0.32
6531,0.32
6532,0.32
6533,0.32
6534,0.32
6535,0.32
6536,0.32
6537,0.32
6538,0.32
6539,0.32
6540,0.32
6541,0.32
6542,0.32
6543,0.32
6544,0.32
6545,0.32
6546,0.32
6547,0.33
6548,0.33
6549,0.33
6550,0.33
6551,0.33
6552,0.33
6553,0.33
6554,0.33
6555,0.33
6556,0.33
6557,0.33
6558,0.33
6559,0.33
6560,0.33
6561,0.33
6562,0.33
6563,0.33
6564,0.33
6565,0.33
6566,0.33
6567,0.33
6568,0.33
6569,0.33
6570,0.33
6571,0.33
6572,0.33
6573,0.33
6574,0.33
6575,0.33
6576,0.33
6577,0.33
6578,0.33
6579,0.33
6580,0.33
6581,0.33
6582,0.33
6583,0.33
6584,0.33
6585,0.33
6586,0.33
6587,0.33
6588,0.33
6589,0.33
6590,0.33
6591,0.33
6592,0.33
6593,0.33
6594,0.33
6595,0.34
6596,0.34
6597,0.34
6598,0.34
6599,0.34
6600,0.34
6601,0.34
6602,0.34
6603,0.34
6604,0.34
6605,0.34
6606,0.34
6607,0.34
6608,0.34
6609,0.34
6610,0.34
6611,0.34
6612,0.34
6613,0.34
6614,0.34
6615,0.34
6616,0.34
6617,0.34
6618,0.34
6619,0.34
6620,0.34
6621,0.34
6622,0.34
6623,0.34
6624,0.34
6625,0.34
6626,0.34
6627,0.34
6628,0.34
6629,0.34
6630,0.34
6631,0.34
6632,0.34
6633,0.34
6634,0.34
6635,0.34
6636,0.34
6637,0.34
6638,0.34
6639,0.34
6640,0.34
6641,0.34
6642,0.34
6643,0.34
6644,0.34
6645,0.34
6646,0.34
6647,0.35
6648,0.35
6649,0.35
6650,0.35
6651,0.35
6652,0.35
6653,0.35
6654,0.35
6655,0.35
6656,0.35
6657,0.35
6658,0.35
6659,0.35
6660,0.35
6661,0.35
6662,0.35
6663,0.35
6664,0.35
6665,0.35
6666,0.35
6667,0.35
6668,0.35
6669,0.35
6670,0.35
6671,0.35
6672,0.35
6673,0.35
6674,0.35
6675,0.35
6676,0.35
6677,0.35
6678,0.35
6679,0.35
6680,0.35
6681,0.35
6682,0.35
6683,0.35
6684,0.35
6685,0.35
6686,0.35
6687,0.35
6688,0.35
6689,0.35
6690,0.35
6691,0.35
6692,0.35
6693,0.35
6694,0.35
6695,0.35
6696,0.35
6697,0.35
6698,0.35
6699,0.35
6700,0.35
6701,0.35
6702,0.36
6703,0.36
6704,0.36
6705,0.36
6706,0.36
6707,0.36
6708,0.36
6709,0.36
6710,0.36
6711,0.36
6712,0.36
6713,0.36
6714,0.36
6715,0.36
6716,0.36
6717,0.36
6718,0.36
6719,0.36
6720,0.36
6721,0.36
6722,0.36
6723,0.36
6724,0.36
6725,0.36
6726,0.36
6727,0.36
6728,0.36
6729,0.36
6730,0.36
6731,0.36
6732,0.36
6733,0.36
6734,0.36
6735,0.36
6736,0.36
6737,0.36
6738,0.36
6739,0.36
6740,0.36
6741,0.36
6742,0.36
6743,0.36
6744,0.36
6745,0.36
6746,0.36
6747,0.36
6748,0.36
6749,0.36
6750,0.36
6751,0.36
6752,0.36
6753,0.36
6754,0.36
6755,0.36
6756,0.36
6757,0.36
6758,0.36
6759,0.36
6760,0.37
6761,0.37
6762,0.37
6763,0.37
6764,0.37
6765,0.37
6766,0.37
6767,0.37
6768,0.37
6769,0.37
6770,0.37
6771,0.37
6772,0.37
6773,0.37
6774,0.37
6775,0.37
6776,0.37
6777,0.37
6778,0.37
6779,0.37
6780,0.37
6781,0.37
6782,0.37
6783,0.37
6784,0.37
6785,0.37
6786,0.37
6787,0.37
6788,0.37
6789,0.37
6790,0.37
6791,0.37
6792,0.37
6793,0.37
6794,0.37
6795,0.37
6796,0.37
6797,0.37
6798,0.37
6799,0.37
6800,0.37
6801,0.37
6802,0.37
6803,0.37
6804,0.37
6805,0.37
6806,0.37
6807,0.37
6808,0.37
6809,0.37
6810,0.37
6811,0.37
6812,0.37
6813,0.37
6814,0.37
6815,0.37
6816,0.37
6817,0.37
6818,0.37
6819,0.37
6820,0.37
6821,0.38
6822,0.38
6823,0.38
6824,0.38
6825,0.38
6826,0.38
6827,0.38
6828,0.38
6829,0.38
6830,0.38
6831,0.38
6832,0.38
6833,0.38
6834,0.38
6835,0.38
6836,0.38
6837,0.38
6838,0.38
6839,0.38
6840,0.38
6841,0.38
6842,0.38
6843,0.38
6844,0.38
6845,0.38
6846,0.38
6847,0.38
6848,0.38
6849,0.38
6850,0.38
6851,0.38
6852,0.38
6853,0.38
6854,0.38
6855,0.38
6856,0.38
6857,0.38
6858,0.38
6859,0.38
6860,0.38
6861,0.38
6862,0.38
6863,0.38
6864,0.38
6865,0.38
6866,0.38
6867,0.38
6868,0.38
6869,0.38
6870,0.38
6871,0.38
6872,0.38
6873,0.38
6874,0.38
6875,0.38
6876,0.38
6877,0.38
6878,0.38
6879,0.38
6880,0.38
6881,0.38
6882,0.38
6883,0.39
6884,0.39
6885,0.39
6886,0.39
6887,0.39
6888,0.39
6889,0.39
6890,0.39
6891,0.39
6892,0.39
6893,0.39
6894,0.39
6895,0.39
6896,0.39
6897,0.39
6898,0.39
6899,0.39
6900,0.39
6901,0.39
6902,0.39
6903,0.39
6904,0.39
6905,0.39
6906,0.39
6907,0.39
6908,0.39
6909,0.39
6910,0.39
6911,0.39
6912,0.39
6913,0.39
6914,0.39
6915,0.39
6916,0.39
6917,0.39
6918,0.39
6919,0.39
6920,0.39
6921,0.39
6922,0.39
6923,0.39
6924,0.39
6925,0.39
6926,0.39
6927,0.39
6928,0.39
6929,0.39
6930,0.39
6931,0.39
6932,0.39
6933,0.39
6934,0.39
6935,0.39
6936,0.39
6937,0.39
6938,0.39
6939,0.39
6940,0.39
6941,0.39
6942,0.39
6943,0.39
6944,0.39
6945,0.39
6946,0.4
6947,0.4
6948,0.4
6949,0.4
6950,0.4
6951,0.4
6952,0.4
6953,0.4
6954,0.4
6955,0.4
6956,0.4
6957,0.4
6958,0.4
6959,0.4
6960,0.4
6961,0.4
6962,0.4
6963,0.4
6964,0.4
6965,0.4
6966,0.4
6967,0.4
6968,0.4
6969,0.4
6970,0.4
6971,0.4
6972,0.4
6973,0.4
6974,0.4
6975,0.4
6976,0.4
6977,0.4
6978,0.4
6979,0.4
6980,0.4
6981,0.4
6982,0.4
6983,0.4
6984,0.4
6985,0.4
6986,0.4
6987,0.4
6988,0.4
6989,0.4
6990,0.4
6991,0.4
6992,0.4
6993,0.4
6994,0.4
6995,0.4
6996,0.4
6997,0.4
6998,0.4
6999,0.4
7000,0.4
7001,0.4
7002,0.4
7003,0.4
7004,0.4
7005,0.4
7006,0.41
7007,0.41
7008,0.41
7009,0.41
7010,0.41
7011,0.41
7012,0.41
7013,0.41
7014,0.41
7015,0.41
7016,0.41
7017,0.41
7018,0.41
7019,0.41
7020,0.41
7021,0.41
7022,0.41
7023,0.41
7024,0.41
7025,0.41
7026,0.41
7027,0.41
7028,0.41
7029,0.41
7030,0.41
7031,0.41
7032,0.41
7033,0.41
7034,0.41
7035,0.41
7036,0.41
7037,0.41
7038,0.41
7039,0.41
7040,0.41
7041,0.41
7042,0.41
7043,0.41
7044,0.41
7045,0.41
7046,0.41
7047,0.41
7048,0.41
7049,0.41
7050,0.41
7051,0.41
7052,0.41
7053,0.41
7054,0.41
7055,0.41
7056,0.41
7057,0.41
7058,0.41
7059,0.41
7060,0.41
7061,0.41
7062,0.41
7063,0.41
7064,0.42
7065,0.42
7066,0.42
7067,0.42
7068,0.42
7069,0.42
7070,0.42
7071,0.42
7072,0.42
7073,0.42
7074,0.42
7075,0.42
7076,0.42
7077,0.42
7078,0.42
7079,0.42
7080,0.42
7081,0.42
7082,0.42
7083,0.42
7084,0.42
7085,0.42
7086,0.42
7087,0.42
7088,0.42
7089,0.42
7090,0.42
7091,0.42
7092,0.42
7093,0.42
7094,0.42
7095,0.42
7096,0.42
7097,0.42
7098,0.42
7099,0.42
7100,0.42
7101,0.42
7102,0.42
7103,0.42
7104,0.42
7105,0.42
7106,0.42
7107,0.42
7108,0.42
7109,0.42
7110,0.42
7111,0.42
7112,0.42
7113,0.42
7114,0.42
7115,0.42
7116,0.42
7117,0.42
7118,0.42
7119,0.43
7120,0.43
7121,0.43
7122,0.43
7123,0.43
7124,0.43
7125,0.43
7126,0.43
7127,0.43
7128,0.43
7129,0.43
7130,0.43
7131,0.43
7132,0.43
7133,0.43
7134,0.43
7135,0.43
7136,0.43
7137,0.43
7138,0.43
7139,0.43
7140,0.43
7141,0.43
7142,0.43
7143,0.43
7144,0.43
7145,0.43
7146,0.43
7147,0.43
7148,0.43
7149,0.43
7150,0.43
7151,0.43
7152,0.43
7153,0.43
7154,0.43
7155,0.43
7156,0.43
7157,0.43
7158,0.43
7159,0.43
7160,0.43
7161,0.43
7162,0.43
7163,0.43
7164,0.43
7165,0.43
7166,0.43
7167,0.43
7168,0.43
7169,0.43
7170,0.44
7171,0.44
7172,0.44
7173,0.44
7174,0.44
7175,0.44
7176,0.44
7177,0.44
7178,0.44
7179,0.44
7180,0.44
7181,0.44
7182,0.44
7183,0.44
7184,0.44
7185,0.44
7186,0.44
7187,0.44
7188,0.44
7189,0.44
7190,0.44
7191,0.44
7192,0.44
7193,0.44
7194,0.44
7195,0.44
7196,0.44
7197,0.44
7198,0.44
7199,0.44
7200,0.44
7201,0.44
7202,0.44
7203,0.44
7204,0.44
7205,0.44
7206,0.44
7207,0.44
7208,0.44
7209,0.44
7210,0.44
7211,0.44
7212,0.44
7213,0.44
7214,0.44
7215,0.44
7216,0.44
7217,0.44
7218,0.45
7219,0.45
7220,0.45
7221,0.45
7222,0.45
7223,0.45
7224,0.45
7225,0.45
7226,0.45
7227,0.45
7228,0.45
7229,0.45
7230,0.45
7231,0.45
7232,0.45
7233,0.45
7234,0.45
7235,0.45
7236,0.45
7237,0.45
7238,0.45
7239,0.45
7240,0.45
7241,0.45
7242,0.45
7243,0.45
7244,0.45
7245,0.45
7246,0.45
7247,0.45
7248,0.45
7249,0.45
7250,0.45
7251,0.45
7252,0.45
7253,0.45
7254,0.45
7255,0.45
7256,0.45
7257,0.45
7258,0.45
7259,0.45
7260,0.45
7261,0.45
7262,0.45
7263,0.46
7264,0.46
7265,0.46
7266,0.46
7267,0.46
7268,0.46
7269,0.46
7270,0.46
7271,0.46
7272,0.46
7273,0.46
7274,0.46
7275,0.46
7276,0.46
7277,0.46
7278,0.46
7279,0.46
7280,0.46
7281,0.46
7282,0.46
7283,0.46
7284,0.46
7285,0.46
7286,0.46
7287,0.46
7288,0.46
7289,0.46
7290,0.46
7291,0.46
7292,0.46
7293,0.46
7294,0.46
7295,0.46
7296,0.46
7297,0.46
7298,0.46
7299,0.46
7300,0.46
7301,0.46
7302,0.46
7303,0.46
7304,0.47
7305,0.47
7306,0.47
7307,0.47
7308,0.47
7309,0.47
7310,0.47
7311,0.47
7312,0.47
7313,0.47
7314,0.47
7315,0.47
7316,0.47
7317,0.47
7318,0.47
7319,0.47
7320,0.47
7321,0.47
7322,0.47
7323,0.47
7324,0.47
7325,0.47
7326,0.47
7327,0.47
7328,0.47
7329,0.47
7330,0.47
7331,0.47
7332,0.47
7333,0.47
7334,0.47
7335,0.47
7336,0.47
7337,0.47
7338,0.47
7339,0.47
7340,0.47
7341,0.47
7342,0.47
7343,0.48
7344,0.48
7345,0.48
7346,0.48
7347,0.48
7348,0.48
7349,0.48
7350,0.48
7351,0.48
7352,0.48
7353,0.48
7354,0.48
7355,0.48
7356,0.48
7357,0.48
7358,0.48
7359,0.48
7360,0.48
7361,0.48
7362,0.48
7363,0.48
7364,0.48
7365,0.48
7366,0.48
7367,0.48
7368,0.48
7369,0.48
7370,0.48
7371,0.48
7372,0.48
7373,0.48
7374,0.48
7375,0.48
7376,0.48
7377,0.48
7378,0.48
7379,0.48
7380,0.49
7381,0.49
7382,0.49
7383,0.49
7384,0.49
7385,0.49
7386,0.49
7387,0.49
7388,0.49
7389,0.49
7390,0.49
7391,0.49
7392,0.49
7393,0.49
7394,0.49
7395,0.49
7396,0.49
7397,0.49
7398,0.49
7399,0.49
7400,0.49
7401,0.49
7402,0.49
7403,0.49
7404,0.49
7405,0.49
7406,0.49
7407,0.49
7408,0.49
7409,0.49
7410,0.49
7411,0.49
7412,0.49
7413,0.49
7414,0.49
7415,0.5
7416,0.5
7417,0.5
7418,0.5
7419,0.5
7420,0.5
7421,0.5
7422,0.5
7423,0.5
7424,0.5
7425,0.5
7426,0.5
7427,0.5
7428,0.5
7429,0.5
7430,0.5
7431,0.5
7432,0.5
7433,0.5
7434,0.5
7435,0.5
7436,0.5
7437,0.5
7438,0.5
7439,0.5
7440,0.5
7441,0.5
7442,0.5
7443,0.5
7444,0.5
7445,0.5
7446,0.5
7447,0.5
7448,0.5
7449,0.51
7450,0.51
7451,0.51
7452,0.51
7453,0.51
7454,0.51
7455,0.51
7456,0.51
7457,0.51
7458,0.51
7459,0.51
7460,0.51
7461,0.51
7462,0.51
7463,0.51
7464,0.51
7465,0.51
7466,0.51
7467,0.51
7468,0.51
7469,0.51
7470,0.51
7471,0.51
7472,0.51
7473,0.51
7474,0.51
7475,0.51
7476,0.51
7477,0.51
7478,0.51
7479,0.51
7480,0.51
7481,0.51
7482,0.52
7483,0.52
7484,0.52
7485,0.52
7486,0.52
7487,0.52
7488,0.52
7489,0.52
7490,0.52
7491,0.52
7492,0.52
7493,0.52
7494,0.52
7495,0.52
7496,0.52
7497,0.52
7498,0.52
7499,0.52
7500,0.52
7501,0.52
7502,0.52
7503,0.52
7504,0.52
7505,0.52
7506,0.52
7507,0.52
7508,0.52
7509,0.52
7510,0.52
7511,0.52
7512,0.52
7513,0.52
7514,0.52
7515,0.53
7516,0.53
7517,0.53
7518,0.53
7519,0.53
7520,0.53
7521,0.53
7522,0.53
7523,0.53
7524,0.53
7525,0.53
7526,0.53
7527,0.53
7528,0.53
7529,0.53
7530,0.53
7531,0.53
7532,0.53
7533,0.53
7534,0.53
7535,0.53
7536,0.53
7537,0.53
7538,0.53
7539,0.53
7540,0.53
7541,0.53
7542,0.53
7543,0.53
7544,0.53
7545,0.53
7546,0.54
7547,0.54
7548,0.54
7549,0.54
7550,0.54
7551,0.54
7552,0.54
7553,0.54
7554,0.54
7555,0.54
7556,0.54
7557,0.54
7558,0.54
7559,0.54
7560,0.54
7561,0.54
7562,0.54
7563,0.54
7564,0.54
7565,0.54
7566,0.54
7567,0.54
7568,0.54
7569,0.54
7570,0.54
7571,0.54
7572,0.54
7573,0.54
7574,0.54
7575,0.54
7576,0.54
7577,0.55
7578,0.55
7579,0.55
7580,0.55
7581,0.55
7582,0.55
7583,0.55
7584,0.55
7585,0.55
7586,0.55
7587,0.55
7588,0.55
7589,0.55
7590,0.55
7591,0.55
7592,0.55
7593,0.55
7594,0.55
7595,0.55
7596,0.55
7597,0.55
7598,0.55
7599,0.55
7600,0.55
7601,0.55
7602,0.55
7603,0.55
7604,0.55
7605,0.55
7606,0.55
7607,0.56
7608,0.56
7609,0.56
7610,0.56
7611,0.56
7612,0.56
7613,0.56
7614,0.56
7615,0.56
7616,0.56
7617,0.56
7618,0.56
7619,0.56
7620,0.56
7621,0.56
7622,0.56
7623,0.56
7624,0.56
7625,0.56
7626,0.56
7627,0.56
7628,0.56
7629,0.56
7630,0.56
7631,0.56
7632,0.56
7633,0.56
7634,0.56
7635,0.56
7636,0.57
7637,0.57
7638,0.57
7639,0.57
7640,0.57
7641,0.57
7642,0.57
7643,0.57
7644,0.57
7645,0.57
7646,0.57
7647,0.57
7648,0.57
7649,0.57
7650,0.57
7651,0.57
7652,0.57
7653,0.57
7654,0.57
7655,0.57
7656,0.57
7657,0.57
7658,0.57
7659,0.57
7660,0.57
7661,0.57
7662,0.57
7663,0.57
7664,0.57
7665,0.58
7666,0.58
7667,0.58
7668,0.58
7669,0.58
7670,0.58
7671,0.58
7672,0.58
7673,0.58
7674,0.58
7675,0.58
7676,0.58
7677,0.58
7678,0.58
7679,0.58
7680,0.58
7681,0.58
7682,0.58
7683,0.58
7684,0.58
7685,0.58
7686,0.58
7687,0.58
7688,0.58
7689,0.58
7690,0.58
7691,0.58
7692,0.58
7693,0.58
7694,0.59
7695,0.59
7696,0.59
7697,0.59
7698,0.59
7699,0.59
7700,0.59
7701,0.59
7702,0.59
7703,0.59
7704,0.59
7705,0.59
7706,0.59
7707,0.59
7708,0.59
7709,0.59
7710,0.59
7711,0.59
7712,0.59
7713,0.59
7714,0.59
7715,0.59
7716,0.59
7717,0.59
7718,0.59
7719,0.59
7720,0.59
7721,0.59
7722,0.6
7723,0.6
7724,0.6
7725,0.6
7726,0.6
7727,0.6
7728,0.6
7729,0.6
7730,0.6
7731,0.6
7732,0.6
7733,0.6
7734,0.6
7735,0.6
7736,0.6
7737,0.6
7738,0.6
7739,0.6
7740,0.6
7741,0.6
7742,0.6
7743,0.6
7744,0.6
7745,0.6
7746,0.6
7747,0.6
7748,0.6
7749,0.6
7750,0.6
7751,0.61
7752,0.61
7753,0.61
7754,0.61
7755,0.61
7756,0.61
7757,0.61
7758,0.61
7759,0.61
7760,0.61
7761,0.61
7762,0.61
7763,0.61
7764,0.61
7765,0.61
7766,0.61
7767,0.61
7768,0.61
7769,0.61
7770,0.61
7771,0.61
7772,0.61
7773,0.61
7774,0.61
7775,0.61
7776,0.61
7777,0.61
7778,0.61
7779,0.62
7780,0.62
7781,0.62
7782,0.62
7783,0.62
7784,0.62
7785,0.62
7786,0.62
7787,0.62
7788,0.62
7789,0.62
7790,0.62
7791,0.62
7792,0.62
7793,0.62
7794,0.62
7795,0.62
7796,0.62
7797,0.62
7798,0.62
7799,0.62
7800,0.62
7801,0.62
7802,0.62
7803,0.62
7804,0.62
7805,0.62
7806,0.63
7807,0.63
7808,0.63
7809,0.63
7810,0.63
7811,0.63
7812,0.63
7813,0.63
7814,0.63
7815,0.63
7816,0.63
7817,0.63
7818,0.63
7819,0.63
7820,0.63
7821,0.63
7822,0.63
7823,0.63
7824,0.63
7825,0.63
7826,0.63
7827,0.63
7828,0.63
7829,0.63
7830,0.63
7831,0.63
7832,0.63
7833,0.63
7834,0.64
7835,0.64
7836,0.64
7837,0.64
7838,0.64
7839,0.64
7840,0.64
7841,0.64
7842,0.64
7843,0.64
7844,0.64
7845,0.64
7846,0.64
7847,0.64
7848,0.64
7849,0.64
7850,0.64
7851,0.64
7852,0.64
7853,0.64
7854,0.64
7855,0.64
7856,0.64
7857,0.64
7858,0.64
7859,0.64
7860,0.64
7861,0.64
7862,0.65
7863,0.65
7864,0.65
7865,0.65
7866,0.65
7867,0.65
7868,0.65
7869,0.65
7870,0.65
7871,0.65
7872,0.65
7873,0.65
7874,0.65
7875,0.65
7876,0.65
7877,0.65
7878,0.65
7879,0.65
7880,0.65
7881,0.65
7882,0.65
7883,0.65
7884,0.65
7885,0.65
7886,0.65
7887,0.65
7888,0.65
7889,0.66
7890,0.66
7891,0.66
7892,0.66
7893,0.66
7894,0.66
7895,0.66
7896,0.66
7897,0.66
7898,0.66
7899,0.66
7900,0.66
7901,0.66
7902,0.66
7903,0.66
7904,0.66
7905,0.66
7906,0.66
7907,0.66
7908,0.66
7909,0.66
7910,0.66
7911,0.66
7912,0.66
7913,0.66
7914,0.66
7915,0.66
7916,0.66
7917,0.67
7918,0.67
7919,0.67
7920,0.67
7921,0.67
7922,0.67
7923,0.67
7924,0.67
7925,0.67
7926,0.67
7927,0.67
7928,0.67
7929,0.67
7930,0.67
7931,0.67
7932,0.67
7933,0.67
7934,0.67
7935,0.67
7936,0.67
7937,0.67
7938,0.67
7939,0.67
7940,0.67
7941,0.67
7942,0.67
7943,0.67
7944,0.68
7945,0.68
7946,0.68
7947,0.68
7948,0.68
7949,0.68
7950,0.68
7951,0.68
7952,0.68
7953,0.68
7954,0.68
7955,0.68
7956,0.68
7957,0.68
7958,0.68
7959,0.68
7960,0.68
7961,0.68
7962,0.68
7963,0.68
7964,0.68
7965,0.68
7966,0.68
7967,0.68
7968,0.68
7969,0.68
7970,0.68
7971,0.69
7972,0.69
7973,0.69
7974,0.69
7975,0.69
7976,0.69
7977,0.69
7978,0.69
7979,0.69
7980,0.69
7981,0.69
7982,0.69
7983,0.69
7984,0.69
7985,0.69
7986,0.69
7987,0.69
7988,0.69
7989,0.69
7990,0.69
7991,0.69
7992,0.69
7993,0.69
7994,0.69
7995,0.69
7996,0.69
7997,0.69
7998,0.69
7999,0.7
8000,0.7
8001,0.7
8002,0.7
8003,0.7
8004,0.7
8005,0.7
8006,0.7
8007,0.7
8008,0.7
8009,0.7
8010,0.7
8011,0.7
8012,0.7
8013,0.7
8014,0.7
8015,0.7
8016,0.7
8017,0.7
8018,0.7
8019,0.7
8020,0.7
8021,0.7
8022,0.7
8023,0.7
8024,0.7
8025,0.7
8026,0.7
8027,0.71
8028,0.71
8029,0.71
8030,0.71
8031,0.71
8032,0.71
8033,0.71
8034,0.71
8035,0.71
8036,0.71
8037,0.71
8038,0.71
8039,0.71
8040,0.71
8041,0.71
8042,0.71
8043,0.71
8044,0.71
8045,0.71
8046,0.71
8047,0.71
8048,0.71
8049,0.71
8050,0.71
8051,0.71
8052,0.71
8053,0.71
8054,0.71
8055,0.72
8056,0.72
8057,0.72
8058,0.72
8059,0.72
8060,0.72
8061,0.72
8062,0.72
8063,0.72
8064,0.72
8065,0.72
8066,0.72
8067,0.72
8068,0.72
8069,0.72
8070,0.72
8071,0.72
8072,0.72
8073,0.72
8074,0.72
8075,0.72
8076,0.72
8077,0.72
8078,0.72
8079,0.72
8080,0.72
8081,0.72
8082,0.72
8083,0.73
8084,0.73
8085,0.73
8086,0.73
8087,0.73
8088,0.73
8089,0.73
8090,0.73
8091,0.73
8092,0.73
8093,0.73
8094,0.73
8095,0.73
8096,0.73
8097,0.73
8098,0.73
8099,0.73
8100,0.73
8101,0.73
8102,0.73
8103,0.73
8104,0.73
8105,0.73
8106,0.73
8107,0.73
8108,0.73
8109,0.73
8110,0.73
8111,0.74
8112,0.74
8113,0.74
8114,0.74
8115,0.74
8116,0.74
8117,0.74
8118,0.74
8119,0.74
8120,0.74
8121,0.74
8122,0.74
8123,0.74
8124,0.74
8125,0.74
8126,0.74
8127,0.74
8128,0.74
8129,0.74
8130,0.74
8131,0.74
8132,0.74
8133,0.74
8134,0.74
8135,0.74
8136,0.74
8137,0.74
8138,0.74
8139,0.75
8140,0.75
8141,0.75
8142,0.75
8143,0.75
8144,0.75
8145,0.75
8146,0.75
8147,0.75
8148,0.75
8149,0.75
8150,0.75
8151,0.75
8152,0.75
8153,0.75
8154,0.75
8155,0.75
8156,0.75
8157,0.75
8158,0.75
8159,0.75
8160,0.75
8161,0.75
8162,0.75
8163,0.75
8164,0.75
8165,0.75
8166,0.75
8167,0.75
8168,0.76
8169,0.76
8170,0.76
8171,0.76
8172,0.76
8173,0.76
8174,0.76
8175,0.76
8176,0.76
8177,0.76
8178,0.76
8179,0.76
8180,0.76
8181,0.76
8182,0.76
8183,0.76
8184,0.76
8185,0.76
8186,0.76
8187,0.76
8188,0.76
8189,0.76
8190,0.76
8191,0.76
8192,0.76
8193,0.76
8194,0.76
8195,0.76
8196,0.76
8197,0.76
8198,0.77
8199,0.77
8200,0.77
8201,0.77
8202,0.77
8203,0.77
8204,0.77
8205,0.77
8206,0.77
8207,0.77
8208,0.77
8209,0.77
8210,0.77
8211,0.77
8212,0.77
8213,0.77
8214,0.77
8215,0.77
8216,0.77
8217,0.77
8218,0.77
8219,0.77
8220,0.77
8221,0.77
8222,0.77
8223,0.77
8224,0.77
8225,0.77
8226,0.77
8227,0.78
8228,0.78
8229,0.78
8230,0.78
8231,0.78
8232,0.78
8233,0.78
8234,0.78
8235,0.78
8236,0.78
8237,0.78
8238,0.78
8239,0.78
8240,0.78
8241,0.78
8242,0.78
8243,0.78
8244,0.78
8245,0.78
8246,0.78
8247,0.78
8248,0.78
8249,0.78
8250,0.78
8251,0.78
8252,0.78
8253,0.78
8254,0.78
8255,0.78
8256,0.78
8257,0.78
8258,0.79
8259,0.79
8260,0.79
8261,0.79
8262,0.79
8263,0.79
8264,0.79
8265,0.79
8266,0.79
8267,0.79
8268,0.79
8269,0.79
8270,0.79
8271,0.79
8272,0.79
8273,0.79
8274,0.79
8275,0.79
8276,0.79
8277,0.79
8278,0.79
8279,0.79
8280,0.79
8281,0.79
8282,0.79
8283,0.79
8284,0.79
8285,0.79
8286,0.79
8287,0.79
8288,0.79
8289,0.8
8290,0.8
8291,0.8
8292,0.8
8293,0.8
8294,0.8
8295,0.8
8296,0.8
8297,0.8
8298,0.8
8299,0.8
8300,0.8
8301,0.8
8302,0.8
8303,0.8
8304,0.8
8305,0.8
8306,0.8
8307,0.8
8308,0.8
8309,0.8
8310,0.8
8311,0.8
8312,0.8
8313,0.8
8314,0.8
8315,0.8
8316,0.8
8317,0.8
8318,0.8
8319,0.8
8320,0.81
8321,0.81
8322,0.81
8323,0.81
8324,0.81
8325,0.81
8326,0.81
8327,0.81
8328,0.81
8329,0.81
8330,0.81
8331,0.81
8332,0.81
8333,0.81
8334,0.81
8335,0.81
8336,0.81
8337,0.81
8338,0.81
8339,0.81
8340,0.81
8341,0.81
8342,0.81
8343,0.81
8344,0.81
8345,0.81
8346,0.81
8347,0.81
8348,0.81
8349,0.81
8350,0.81
8351,0.81
8352,0.81
8353,0.82
8354,0.82
8355,0.82
8356,0.82
8357,0.82
8358,0.82
8359,0.82
8360,0.82
8361,0.82
8362,0.82
8363,0.82
8364,0.82
8365,0.82
8366,0.82
8367,0.82
8368,0.82
8369,0.82
8370,0.82
8371,0.82
8372,0.82
8373,0.82
8374,0.82
8375,0.82
8376,0.82
8377,0.82
8378,0.82
8379,0.82
8380,0.82
8381,0.82
8382,0.82
8383,0.82
8384,0.82
8385,0.82
8386,0.83
8387,0.83
8388,0.83
8389,0.83
8390,0.83
8391,0.83
8392,0.83
8393,0.83
8394,0.83
8395,0.83
8396,0.83
8397,0.83
8398,0.83
8399,0.83
8400,0.83
8401,0.83
8402,0.83
8403,0.83
8404,0.83
8405,0.83
8406,0.83
8407,0.83
8408,0.83
8409,0.83
8410,0.83
8411,0.83
8412,0.83
8413,0.83
8414,0.83
8415,0.83
8416,0.83
8417,0.83
8418,0.83
8419,0.83
8420,0.83
8421,0.84
8422,0.84
8423,0.84
8424,0.84
8425,0.84
8426,0.84
8427,0.84
8428,0.84
8429,0.84
8430,0.84
8431,0.84
8432,0.84
8433,0.84
8434,0.84
8435,0.84
8436,0.84
8437,0.84
8438,0.84
8439,0.84
8440,0.84
8441,0.84
8442,0.84
8443,0.84
8444,0.84
8445,0.84
8446,0.84
8447,0.84
8448,0.84
8449,0.84
8450,0.84
8451,0.84
8452,0.84
8453,0.84
8454,0.84
8455,0.84
8456,0.84
8457,0.85
8458,0.85
8459,0.85
8460,0.85
8461,0.85
8462,0.85
8463,0.85
8464,0.85
8465,0.85
8466,0.85
8467,0.85
8468,0.85
8469,0.85
8470,0.85
8471,0.85
8472,0.85
8473,0.85
8474,0.85
8475,0.85
8476,0.85
8477,0.85
8478,0.85
8479,0.85
8480,0.85
8481,0.85
8482,0.85
8483,0.85
8484,0.85
8485,0.85
8486,0.85
8487,0.85
8488,0.85
8489,0.85
8490,0.85
8491,0.85
8492,0.85
8493,0.85
8494,0.86
8495,0.86
8496,0.86
8497,0.86
8498,0.86
8499,0.86
8500,0.86
8501,0.86
8502,0.86
8503,0.86
8504,0.86
8505,0.86
8506,0.86
8507,0.86
8508,0.86
8509,0.86
8510,0.86
8511,0.86
8512,0.86
8513,0.86
8514,0.86
8515,0.86
8516,0.86
8517,0.86
8518,0.86
8519,0.86
8520,0.86
8521,0.86
8522,0.86
8523,0.86
8524,0.86
8525,0.86
8526,0.86
8527,0.86
8528,0.86
8529,0.86
8530,0.86
8531,0.86
8532,0.86
8533,0.86
8534,0.87
8535,0.87
8536,0.87
8537,0.87
8538,0.87
8539,0.87
8540,0.87
8541,0.87
8542,0.87
8543,0.87
8544,0.87
8545,0.87
8546,0.87
8547,0.87
8548,0.87
8549,0.87
8550,0.87
8551,0.87
8552,0.87
8553,0.87
8554,0.87
8555,0.87
8556,0.87
8557,0.87
8558,0.87
8559,0.87
8560,0.87
8561,0.87
8562,0.87
8563,0.87
8564,0.87
8565,0.87
8566,0.87
8567,0.87
8568,0.87
8569,0.87
8570,0.87
8571,0.87
8572,0.87
8573,0.87
8574,0.87
8575,0.87
8576,0.88
8577,0.88
8578,0.88
8579,0.88
8580,0.88
8581,0.88
8582,0.88
8583,0.88
8584,0.88
8585,0.88
8586,0.88
8587,0.88
8588,0.88
8589,0.88
8590,0.88
8591,0.88
8592,0.88
8593,0.88
8594,0.88
8595,0.88
8596,0.88
8597,0.88
8598,0.88
8599,0.88
8600,0.88
8601,0.88
8602,0.88
8603,0.88
8604,0.88
8605,0.88
8606,0.88
8607,0.88
8608,0.88
8609,0.88
8610,0.88
8611,0.88
8612,0.88
8613,0.88
8614,0.88
8615,0.88
8616,0.88
8617,0.88
8618,0.88
8619,0.88
8620,0.88
8621,0.88
8622,0.88
8623,0.89
8624,0.89
8625,0.89
8626,0.89
8627,0.89
8628,0.89
8629,0.89
8630,0.89
8631,0.89
8632,0.89
8633,0.89
8634,0.89
8635,0.89
8636,0.89
8637,0.89
8638,0.89
8639,0.89
8640,0.89
8641,0.89
8642,0.89
8643,0.89
8644,0.89
8645,0.89
8646,0.89
8647,0.89
8648,0.89
8649,0.89
8650,0.89
8651,0.89
8652,0.89
8653,0.89
8654,0.89
8655,0.89
8656,0.89
8657,0.89
8658,0.89
8659,0.89
8660,0.89
8661,0.89
8662,0.89
8663,0.89
8664,0.89
8665,0.89
8666,0.89
8667,0.89
8668,0.89
8669,0.89
8670,0.89
8671,0.89
8672,0.89
8673,0.89
8674,0.9
8675,0.9
8676,0.9
8677,0.9
8678,0.9
8679,0.9
8680,0.9
8681,0.9
8682,0.9
8683,0.9
8684,0.9
8685,0.9
8686,0.9
8687,0.9
8688,0.9
8689,0.9
8690,0.9
8691,0.9
8692,0.9
8693,0.9
8694,0.9
8695,0.9
8696,0.9
8697,0.9
8698,0.9
8699,0.9
8700,0.9
8701,0.9
8702,0.9
8703,0.9
8704,0.9
8705,0.9
8706,0.9
8707,0.9
8708,0.9
8709,0.9
8710,0.9
8711,0.9
8712,0.9
8713,0.9
8714,0.9
8715,0.9
8716,0.9
8717,0.9
8718,0.9
8719,0.9
8720,0.9
8721,0.9
8722,0.9
8723,0.9
8724,0.9
8725,0.9
8726,0.9
8727,0.9
8728,0.9
8729,0.9
8730,0.9
8731,0.9
8732,0.9
8733,0.91
8734,0.91
8735,0.91
8736,0.91
8737,0.91
8738,0.91
8739,0.91
8740,0.91
8741,0.91
8742,0.91
8743,0.91
8744,0.91
8745,0.91
8746,0.91
8747,0.91
8748,0.91
8749,0.91
8750,0.91
8751,0.91
8752,0.91
8753,0.91
8754,0.91
8755,0.91
8756,0.91
8757,0.91
8758,0.91
8759,0.91
